field,level,support,mean_loss,median_loss,std_loss,q25_loss,q75_loss,iqr_loss,is_rare
cat1,A,141550,3408.0915145178383,2458.6899999999996,3122.4366291296437,1378.375,4407.110000000001,3028.7350000000006,False
cat1,B,46768,1915.19852056962,1444.8600000000001,1666.0823370494115,916.96,2331.1275,1414.1675,False
cat2,A,106721,2454.1398437983153,1739.25,2361.3098596297195,1042.77,3000.32,1957.5500000000002,False
cat2,B,81597,3800.104170741571,2833.99,3338.4219752997346,1559.92,4984.62,3424.7,False
cat3,A,177993,2902.2197510576257,2033.38,2780.4020306670627,1173.08,3652.8,2479.7200000000003,False
cat3,B,10325,5366.640013559322,4570.91,3849.0441889462695,2675.08,6982.95,4307.87,False
cat4,A,128395,2826.826831185015,1974.74,2709.744505713497,1118.48,3576.35,2457.87,False
cat4,B,59923,3488.3922250221117,2457.71,3236.220466486642,1420.68,4481.254999999999,3060.574999999999,False
cat5,A,123737,2814.648334855379,1947.07,2730.7306637982188,1106.73,3574.58,2467.85,False
cat5,B,64581,3464.009805980087,2464.84,3166.763195979903,1432.59,4401.91,2969.3199999999997,False
cat6,A,131693,3259.916396087871,2341.86,3005.5114810259215,1352.17,4159.83,2807.66,False
cat6,B,56625,2519.6854452980133,1637.5,2580.0534271010206,955.95,3076.21,2120.26,False
cat7,A,183744,2908.94434169279,2073.635,2683.995880056044,1189.54,3734.64,2545.1,False
cat7,B,4574,8195.0785242676,7614.575,5530.075731065551,4018.1225,11052.244999999999,7034.1224999999995,False
cat8,A,177274,2975.5585590103456,2070.73,2852.6096483904016,1184.33,3770.425,2586.0950000000003,False
cat8,B,11044,4028.9922401303875,3035.31,3485.225673468583,1702.1599999999999,5240.9175,3538.7574999999997,False
cat9,A,113122,2512.009126076272,1778.855,2406.251987112469,1063.46,3082.45,2018.9899999999998,False
cat9,B,75196,3827.621973642215,2856.755,3372.114753827499,1559.48,5025.467500000001,3465.9875000000006,False
cat10,A,160213,2694.1355275789106,1902.69,2565.3063335223133,1117.08,3348.92,2231.84,False
cat10,B,28105,4993.767052481764,4089.17,3807.58450543223,2405.21,6463.21,4058.0,False
cat11,A,168186,2810.9213719929126,1969.1350000000002,2681.386674144757,1140.9125000000001,3529.9300000000003,2389.0175,False
cat11,B,20132,4928.856368964832,3953.77,3849.658476447635,2324.46,6376.9,4052.4399999999996,False
cat12,A,159825,2655.897436320976,1869.45,2555.3757027718398,1106.04,3275.6,2169.56,False
cat12,B,28493,5176.939968764258,4322.13,3703.900168049495,2694.36,6599.76,3905.4,False
cat13,A,168851,2818.460441987314,1974.92,2685.7058336803343,1145.18,3544.125,2398.9449999999997,False
cat13,B,19467,4935.8141572918275,3943.1,3873.328749561865,2304.49,6388.139999999999,4083.6499999999996,False
cat14,A,186041,3004.308571175171,2099.37,2862.3051561008842,1197.74,3823.78,2626.04,False
cat14,B,2277,5735.962845849803,4478.24,4555.844529643676,2451.45,7749.4,5297.95,False
cat15,A,188284,3037.267431645812,2115.39,2904.092239461433,1204.39,3863.8575,2659.4674999999997,False
cat15,B,34,3426.3879411764706,2647.9,2886.64461752456,1549.9724999999999,4071.2575,2521.2850000000003,True
cat16,A,181843,2932.6280914855124,2051.7,2810.7928431778973,1181.06,3698.335,2517.275,False
cat16,B,6475,5977.9873745173745,5199.6,3801.8058566832738,3419.7200000000003,7526.875,4107.155,False
cat17,A,187009,3018.2363248292863,2106.76,2879.437571883352,1200.7,3838.39,2637.6899999999996,False
cat17,B,1309,5766.234851031321,4632.37,4617.032429302437,2547.98,7408.54,4860.5599999999995,False
cat18,A,187331,3028.4992323747806,2110.12,2897.774390130936,1202.15,3849.795,2647.645,False
cat18,B,987,4714.86179331307,3845.48,3545.1299650013166,2091.84,6489.67,4397.83,False
cat19,A,186510,3027.3069409683126,2108.88,2895.917056597582,1200.955,3849.1000000000004,2648.1450000000004,False
cat19,B,1808,4072.091111725664,3069.015,3499.586558490659,1696.25,5284.844999999999,3588.5949999999993,False
cat20,A,188114,3034.3419256408347,2113.755,2901.587807191554,1203.8725,3858.6775,2654.805,False
cat20,B,204,5799.81024509804,4853.44,3773.4819851476605,2949.135,7871.57,4922.4349999999995,False
cat21,A,187905,3036.461993826668,2114.94,2903.6726029277092,1204.29,3862.46,2658.17,False
cat21,B,413,3435.7562711864407,2314.4,3064.344911594436,1325.64,4606.57,3280.9299999999994,False
cat22,A,188275,3037.0614561678394,2115.39,2903.6696452532865,1204.38,3863.6949999999997,2659.3149999999996,False
cat22,B,43,4246.80534883721,2462.33,4240.398664843487,1640.83,5820.030000000001,4179.200000000001,True
cat23,A,157445,2831.2413276382226,1973.44,2725.0245665171824,1134.52,3557.83,2423.31,False
cat23,B,30873,4088.380379619732,3068.2,3500.4456695692907,1734.91,5336.95,3602.04,False
cat24,A,181977,2987.4257185798206,2081.87,2857.5514671196393,1188.69,3790.6,2601.91,False
cat24,B,6341,4469.734789465384,3474.19,3742.6130692870097,1972.29,5760.55,3788.26,False
cat25,A,169969,2951.763318310986,2044.75,2832.516565978209,1162.66,3748.98,2586.3199999999997,False
cat25,B,18349,3830.0233713008884,2811.01,3397.243860954297,1705.88,4857.98,3152.0999999999995,False
cat26,A,177119,3001.3993590185128,2081.04,2880.449823789958,1182.165,3812.535,2630.37,False
cat26,B,11199,3605.7241914456645,2696.47,3202.1126025468993,1644.92,4547.51,2902.59,False
cat27,A,168250,3028.052370460624,2112.57,2901.3746854071605,1198.0225,3854.9825,2656.96,False
cat27,B,20068,3115.1857165636834,2139.0299999999997,2925.63427426849,1264.18,3936.7625,2672.5824999999995,False
cat28,A,180938,2965.1951838751397,2066.915,2837.4220158788216,1184.0825,3758.67,2574.5875,False
cat28,B,7380,4806.080231707317,3809.135,3816.2377469562175,2212.6899999999996,6237.9,4025.21,False
cat29,A,184593,3003.5051451571835,2096.08,2873.4382068782074,1196.2,3814.5,2618.3,False
cat29,B,3725,4713.914907382551,3679.46,3787.425531832243,1980.09,6288.71,4308.62,False
cat30,A,184760,3017.7328358952154,2104.47,2887.93760671177,1198.46,3835.7225,2637.2625,False
cat30,B,3558,4055.3792945474984,2989.26,3498.249072983593,1625.9450000000002,5333.5375,3707.5925,False
cat31,A,182980,3031.111213356651,2109.59,2887.9944742151047,1200.3449999999998,3855.7650000000003,2655.4200000000005,False
cat31,B,5338,3250.7734113900333,2349.465,3403.5157689408466,1398.9099999999999,4065.6175000000003,2666.7075000000004,False
cat32,A,187107,3031.9235996515363,2111.04,2901.215439720133,1201.87,3855.705,2653.835,False
cat32,B,1211,3873.8475061932286,2886.85,3211.3660541548747,1759.42,4948.610000000001,3189.1900000000005,False
cat33,A,187361,3028.486762933588,2110.54,2892.4647861681337,1202.07,3852.32,2650.25,False
cat33,B,957,4770.167084639499,3517.38,4315.50354159236,1994.78,5955.53,3960.75,False
cat34,A,187734,3032.2243383191108,2112.36,2898.628502855783,1203.02,3856.94,2653.92,False
cat34,B,584,4681.0862328767125,3547.045,3991.383235719245,1944.4475,6138.67,4194.2225,False
cat35,A,188105,3035.27734270753,2114.28,2902.1667610784307,1203.89,3860.97,2657.08,False
cat35,B,213,4856.872018779342,3580.18,3877.0975525993467,2215.2,6111.58,3896.38,False
cat36,A,156313,2831.646554797106,1972.3,2719.425204527955,1135.93,3567.0,2431.0699999999997,False
cat36,B,32005,4041.936896422434,3008.05,3505.707703417233,1710.64,5229.56,3518.92,False
cat37,A,165729,3025.5396695810628,2100.03,2909.1885657992516,1187.52,3855.65,2668.13,False
cat37,B,22589,3123.896338483333,2233.02,2864.9519169110786,1332.49,3903.17,2570.6800000000003,False
cat38,A,169323,2944.27730013052,2031.72,2839.468255569468,1158.495,3743.645,2585.15,False
cat38,B,18995,3866.885654119505,2886.87,3313.19625389896,1783.165,4802.93,3019.7650000000003,False
cat39,A,183393,3029.637268434455,2107.55,2899.4500282312824,1199.84,3852.32,2652.4800000000005,False
cat39,B,4925,3324.0793340101523,2459.61,3058.2819578838175,1424.45,4245.56,2821.1100000000006,False
cat40,A,180119,2959.775965722661,2065.38,2823.273438153453,1184.105,3751.825,2567.72,False
cat40,B,8199,4741.245410415904,3721.56,3945.6354687874523,2108.8900000000003,6163.085,4054.1949999999997,False
cat41,A,181177,2987.398415472163,2080.46,2857.710187666145,1188.01,3791.64,2603.63,False
cat41,B,7141,4304.36571488587,3280.98,3680.5438973745045,1873.61,5578.52,3704.9100000000008,False
cat42,A,186623,3031.9743241722613,2110.03,2901.8517647755107,1200.93,3857.705,2656.7749999999996,False
cat42,B,1695,3627.8548613569324,2719.88,3084.7673825778,1711.08,4391.69,2680.6099999999997,False
cat43,A,184110,3016.3629148878385,2100.815,2887.160841487683,1197.0625,3834.41,2637.3475,False
cat43,B,4208,3955.0337523764256,2876.495,3444.3658092718356,1668.64,5127.8325,3459.1925,False
cat44,A,172716,2995.4635541003727,2062.545,2892.979417680384,1168.87,3816.8424999999997,2647.9725,False
cat44,B,15602,3500.889314190488,2648.13,2985.4247357122417,1686.1950000000002,4280.6775,2594.4824999999996,False
cat45,A,183991,3003.736869520792,2093.86,2875.9926998630895,1194.745,3813.675,2618.9300000000003,False
cat45,B,4327,4466.098435405593,3424.09,3640.3495580041103,1901.835,5944.3099999999995,4042.4749999999995,False
cat46,A,187436,3028.1084648626734,2110.245,2894.1889951119792,1202.0674999999999,3851.2975,2649.2300000000005,False
cat46,B,882,4998.662210884354,3824.9449999999997,4096.7256498693405,2236.8824999999997,6419.13,4182.2475,False
cat47,A,187617,3031.022527329613,2111.88,2896.3180210608834,1202.66,3854.94,2652.2799999999997,False
cat47,B,701,4727.5389158345215,3473.37,4201.300024772122,1963.31,6059.05,4095.7400000000002,False
cat48,A,188049,3035.5637408866837,2113.99,2903.1521100169143,1203.61,3860.9,2657.29,False
cat48,B,269,4277.443791821561,3222.68,3274.9849852552775,2083.81,5484.71,3400.9,False
cat49,A,179127,3020.376721208975,2108.41,2890.2445857496396,1198.6750000000002,3842.21,2643.535,False
cat49,B,9191,3367.896567294092,2285.54,3143.725721004574,1325.67,4317.93,2992.26,False
cat50,A,137611,3231.7804930565144,2313.21,2989.7153477399775,1341.13,4111.545,2770.415,False
cat50,B,50707,2509.649808902124,1614.31,2585.183037049909,937.585,3071.8599999999997,2134.2749999999996,False
cat51,A,187071,3029.16784199582,2110.51,2897.018266971595,1201.2,3853.1549999999997,2651.955,False
cat51,B,1247,4262.951820368885,3034.37,3617.040708924848,1786.625,5684.525,3897.8999999999996,False
cat52,A,179505,3016.8080650678257,2106.89,2883.8662743787754,1199.46,3836.1,2636.64,False
cat52,B,8813,3455.489228412572,2345.38,3261.1661253393604,1315.75,4489.17,3173.42,False
cat53,A,172949,2995.085321337504,2079.27,2885.552255796283,1179.18,3808.46,2629.2799999999997,False
cat53,B,15369,3512.8080584293057,2547.67,3065.235882405845,1527.62,4472.31,2944.6900000000005,False
cat54,A,183762,3033.420964998204,2115.385,2896.0129144465145,1203.585,3861.84,2658.255,False
cat54,B,4556,3195.3149517120282,2119.535,3209.2156714981847,1243.475,3934.44,2690.965,False
cat55,A,188173,3036.1642069797476,2114.49,2903.4011265965387,1203.95,3861.48,2657.5299999999997,False
cat55,B,145,4560.213586206896,3580.65,3369.5848336492822,2257.03,5792.6,3535.57,True
cat56,A,188136,3036.2174214929623,2114.4849999999997,2903.79977957125,1203.9075,3861.495,2657.5874999999996,False
cat56,B,182,4195.370769230769,3368.23,2976.4991928457757,2052.7625000000003,5307.860000000001,3255.0975000000003,True
cat57,A,185296,2919.869698644331,2081.9300000000003,2693.2539311610776,1192.9875,3748.3225,2555.335,False
cat57,B,3022,10239.967772998014,9532.34,5298.800661667891,6993.3675,12418.259999999998,5424.892499999998,False
cat58,A,188079,3033.4903597956177,2113.63,2898.771631130673,1203.77,3859.005,2655.235,False
cat58,B,239,6064.957782426778,4663.13,4860.37687528677,2577.34,8066.6900000000005,5489.35,False
cat59,A,188018,3032.3965407035494,2113.2700000000004,2896.6084247364556,1203.585,3857.3849999999998,2653.7999999999997,False
cat59,B,300,6134.085,4807.255,5108.860606486868,2785.8849999999998,7591.55,4805.665000000001,False
cat60,A,187872,3035.220635805229,2113.91,2903.1345334557027,1203.545,3860.105,2656.56,False
cat60,B,446,3929.1188340807175,3043.385,3160.203680128184,1634.695,5184.2675,3549.5725,False
cat61,A,187596,3031.8755710676132,2111.285,2899.4888127527574,1202.5674999999999,3855.5525000000002,2652.9850000000006,False
cat61,B,722,4456.5493905817175,3435.96,3655.5169591066974,2148.455,5488.88,3340.425,False
cat62,A,188273,3036.680964875473,2115.29,2903.2003701136446,1204.34,3863.57,2659.2300000000005,False
cat62,B,45,5784.955333333333,3552.94,4786.865711751177,2352.85,7106.4,4753.549999999999,True
cat63,A,188239,3036.9642400883986,2115.32,2903.6007831208935,1204.4050000000002,3863.59,2659.185,False
cat63,B,79,3927.173417721519,2888.95,3813.506192136886,1408.4850000000001,4932.225,3523.7400000000002,True
cat64,A,188271,3036.347945780285,2115.18,2902.484274871754,1204.3649999999998,3862.8,2658.4350000000004,False
cat64,B,47,7002.0040425531915,5099.53,5533.772859428397,2992.09,10411.58,7419.49,True
cat65,A,186056,3017.1358310938645,2103.63,2884.494962074265,1199.4,3835.1325,2635.7325,False
cat65,B,2262,4698.998275862069,3651.5550000000003,3869.563391800954,2038.1225,6154.467500000001,4116.345000000001,False
cat66,A,179982,3001.270972375015,2086.33,2878.4314619897764,1190.6125,3807.42,2616.8075,False
cat66,B,8336,3816.051600287908,2855.365,3317.1566961257927,1631.4125,4956.8724999999995,3325.4599999999996,False
cat67,A,187626,3030.2036088814984,2111.865,2896.7898865517254,1203.085,3853.2725,2650.1875,False
cat67,B,692,4971.641575144509,3850.045,4022.127296667229,1952.0124999999998,6675.265,4723.2525000000005,False
cat68,A,188176,3036.228232346314,2115.32,2901.405512599036,1204.34,3862.745,2658.4049999999997,False
cat68,B,142,4507.56647887324,2683.205,5204.274431317133,1355.2150000000001,5360.095,4004.88,True
cat69,A,188011,3035.361300296259,2113.6,2902.9016928855067,1203.53,3860.63,2657.1000000000004,False
cat69,B,307,4247.703127035831,3302.07,3348.9160051332883,2171.535,5045.145,2873.6100000000006,False
cat70,A,188295,3037.347945404817,2115.5,2904.194043739757,1204.435,3864.04,2659.605,False
cat70,B,23,2953.3439130434786,2351.49,1856.8480518823953,1715.3899999999999,3771.95,2056.56,True
cat71,A,178646,2994.279637663312,2097.025,2811.8644308124176,1195.1,3825.2,2630.1,False
cat71,B,9672,3832.6383519437554,2544.31,4183.9138253814945,1406.93,4636.795,3229.865,False
cat72,A,118322,2527.5614649008635,1816.95,2382.5786371176127,1085.0925,3140.19,2055.0975,False
cat72,B,69996,3899.068955940339,2873.585,3451.448897028183,1538.9250000000002,5151.4825,3612.5575,False
cat73,A,154275,3248.6214265435096,2302.83,3047.320463099848,1289.01,4174.17,2885.16,False
cat73,B,34017,2077.681825557809,1530.89,1850.951268769764,966.0,2515.22,1549.2199999999998,False
cat73,C,26,4914.809615384615,3538.62,5488.630553980824,1974.88,5460.217500000001,3485.3375000000005,True
cat74,A,184731,3028.714006907341,2109.7,2898.3213919506766,1201.11,3850.185,2649.075,False
cat74,B,3561,3470.99298792474,2497.67,3131.1554763884437,1401.86,4436.91,3035.05,False
cat74,C,26,4914.809615384615,3538.62,5488.630553980824,1974.88,5460.217500000001,3485.3375000000005,True
cat75,A,154307,3142.1058881321,2148.91,3059.5271488840076,1211.76,4001.565,2789.8050000000003,False
cat75,B,34010,2561.945274037048,1983.68,1988.0592103769648,1175.565,3344.775,2169.21,False
cat75,C,1,4666.24,4666.24,,4666.24,4666.24,0.0,True
cat76,A,181347,2976.8011205589282,2082.3,2833.1542161061593,1189.545,3786.145,2596.6,False
cat76,B,6183,4864.522917677503,3607.17,4103.86168505383,2050.3900000000003,6405.475,4355.085,False
cat76,C,788,2632.056192893401,1491.565,2990.66657115523,864.21,3071.99,2207.7799999999997,False
cat77,D,187503,3038.90312165672,2118.25,2903.424353594724,1206.12,3866.365,2660.245,False
cat77,C,408,3282.2006862745097,1947.9450000000002,3477.289635870047,1120.28,4075.915,2955.635,False
cat77,B,358,1912.4551117318438,1206.1950000000002,2181.217093622964,705.0975000000001,1936.8325,1231.735,False
cat77,A,49,3226.7236734693874,1945.61,3210.409701975807,1241.91,4209.7,2967.79,True
cat78,B,186526,3026.3615664840286,2111.815,2886.886878517194,1203.63,3849.335,2645.705,False
cat78,A,788,2616.591535532995,1486.8400000000001,2984.145450500592,862.775,3050.6549999999997,2187.8799999999997,False
cat78,C,645,5050.549131782946,3892.64,4356.754434109998,2060.7,6417.56,4356.860000000001,False
cat78,D,359,6046.691977715877,4927.44,4853.0363393691105,2445.165,8139.83,5694.665,False
cat79,B,152929,2469.844946478431,1858.84,2065.1774524631405,1111.28,3151.6,2040.32,False
cat79,D,26657,6311.83205837116,5440.81,4449.475320969276,3322.63,8197.53,4874.900000000001,False
cat79,A,7064,2718.4069691392974,1932.0900000000001,2497.0904095047003,1104.0149999999999,3474.3075,2370.2925,False
cat79,C,1668,4086.9942805755395,3264.555,3992.885665003289,1824.9225,5323.299999999999,3498.3774999999996,False
cat80,D,137505,2200.253190938511,1695.59,1771.8226234068818,1039.86,2782.73,1742.8700000000001,False
cat80,B,46538,5453.62125230994,4568.17,3983.249022094986,2753.145,7063.587500000001,4310.442500000001,False
cat80,C,3492,3890.750094501718,3143.245,3403.39209749918,1884.72,4940.6075,3055.8875,False
cat80,A,783,2621.2236270753515,1489.67,2990.671853484288,862.27,3051.81,2189.54,False
cat81,D,154385,2663.290577258153,1889.23,2499.7667577937495,1107.74,3335.89,2228.1499999999996,False
cat81,B,24132,4816.168605171557,3866.87,3692.160921901809,2241.8,6293.5725,4051.7725,False
cat81,C,9013,4718.471941639854,3565.14,4265.348282242671,1960.81,6178.06,4217.25,False
cat81,A,788,2616.591535532995,1486.8400000000001,2984.145450500592,862.775,3050.6549999999997,2187.8799999999997,False
cat82,B,147536,3150.0479540586703,2204.9799999999996,2970.334427990997,1236.1575,4045.8625,2809.705,False
cat82,A,19322,3163.145966256081,2200.16,3192.998419821464,1214.0425,4073.6175,2859.575,False
cat82,D,18805,1992.5870093060357,1586.18,1502.3387167025662,1011.62,2467.25,1455.63,False
cat82,C,2655,3258.3722297551785,2279.57,3023.948294444438,1346.845,4119.475,2772.63,False
cat83,B,141534,3068.115140037023,2130.13,2944.9401348800816,1213.1325000000002,3897.1575,2684.0249999999996,False
cat83,A,26038,3082.327530148245,2136.02,2980.671749874163,1195.295,3954.1575000000003,2758.8625,False
cat83,D,15788,2665.429006207246,1957.6799999999998,2300.4651586797045,1132.9,3419.425,2286.525,False
cat83,C,4958,3106.7593142396126,2191.675,2961.600116246304,1246.35,3934.0725,2687.7225000000003,False
cat84,C,154939,3075.8894897992113,2142.99,2926.3207043946463,1211.1149999999998,3935.3599999999997,2724.245,False
cat84,A,29450,2759.7057816638367,1931.46,2679.8280900205414,1152.5825,3399.635,2247.0525000000002,False
cat84,D,3498,3490.5101686678104,2497.425,3285.8487157060717,1373.8125,4530.2575,3156.4449999999997,False
cat84,B,431,4470.943828306265,3092.25,4333.541964606069,1762.345,5520.54,3758.1949999999997,False
cat85,B,186005,3016.017262277896,2107.35,2872.1526493866027,1201.56,3836.6,2635.04,False
cat85,C,1011,5762.211414441148,4607.67,4593.879439467786,2516.1800000000003,7539.975,5023.795,False
cat85,A,788,2616.591535532995,1486.8400000000001,2984.145450500592,862.775,3050.6549999999997,2187.8799999999997,False
cat85,D,514,6038.127529182879,4932.485000000001,5059.971272029523,2852.7025,8237.852499999999,5385.15,False
cat86,B,103852,3042.2350894542233,2124.605,2839.2805813138316,1194.6775,3938.7625,2744.085,False
cat86,D,72587,3067.619223827958,2132.39,2932.0781884375924,1231.06,3831.99,2600.93,False
cat86,C,10290,2567.642617103985,1871.0349999999999,2289.985409925731,1112.5874999999999,3219.5325,2106.9449999999997,False
cat86,A,1589,4375.607709251101,2685.52,6536.431237976479,1394.61,5294.46,3899.8500000000004,False
cat87,B,166992,2667.135706381144,1934.57,2429.055726512519,1137.47,3361.5750000000003,2224.1050000000005,False
cat87,D,11719,6134.3427015956995,5270.12,4184.565356469697,3311.06,7877.075,4566.014999999999,False
cat87,C,8819,5969.474561741694,4967.84,4511.36258338349,2935.055,7809.905,4874.85,False
cat87,A,788,2616.591535532995,1486.8400000000001,2984.145450500592,862.775,3050.6549999999997,2187.8799999999997,False
cat88,A,168926,3032.025333341226,2105.615,2912.673830343498,1190.5225,3873.4474999999998,2682.9249999999997,False
cat88,D,19302,3084.6465008807377,2207.1,2829.8524744615443,1330.2350000000001,3784.0699999999997,2453.8349999999996,False
cat88,E,83,2831.3069879518075,2140.93,2394.3699681696066,1319.94,3259.9449999999997,1940.0049999999997,True
cat88,B,7,3228.7985714285714,3383.09,1954.8484298569765,1507.765,4517.63,3009.865,True
cat89,A,183744,2908.94434169279,2073.635,2683.995880056044,1189.54,3734.64,2545.1,False
cat89,B,4312,8213.293627087198,7666.925,5524.8734753016815,4057.1925,11061.5425,7004.349999999999,False
cat89,C,220,7803.455545454545,6860.18,5537.657643584425,3929.42,10459.982499999998,6530.562499999998,False
cat89,D,33,8898.260909090908,7238.85,5910.437105740025,3922.48,13267.05,9344.57,True
cat89,E,5,3244.568,3032.37,618.4196617346507,2888.69,3374.88,486.19000000000005,True
cat89,I,2,9814.04,9814.04,10778.174107185318,6003.38,13624.7,7621.320000000001,True
cat89,G,1,3666.93,3666.93,,3666.93,3666.93,0.0,True
cat89,H,1,18646.37,18646.37,,18646.37,18646.37,0.0,True
cat90,A,177993,2902.2197510576257,2033.38,2780.4020306670627,1173.08,3652.8,2479.7200000000003,False
cat90,B,9515,5302.007737256962,4530.23,3791.1965918486603,2657.935,6908.385,4250.450000000001,False
cat90,C,728,6116.2280494505485,5240.12,4461.620058910451,2932.7374999999997,7928.1775,4995.4400000000005,False
cat90,D,70,6060.263,5637.195,3751.3384515799776,2924.9875,8331.8175,5406.829999999999,True
cat90,E,6,5872.208333333333,5456.67,3691.5777549737,2811.3625,9255.2675,6443.905,True
cat90,F,4,7565.1900000000005,7660.610000000001,3427.661313344712,6252.9325,8972.8675,2719.9350000000004,True
cat90,G,2,9814.04,9814.04,10778.174107185318,6003.38,13624.7,7621.320000000001,True
cat91,A,111028,2968.8541332816944,2049.185,2846.9751167342465,1148.5,3813.62,2665.12,False
cat91,B,42630,3103.5065805770582,2230.91,2937.231440412186,1329.325,3861.2375,2531.9125000000004,False
cat91,G,26734,2655.2352102191967,1891.705,2469.9796893993716,1137.4125000000001,3282.805,2145.3925,False
cat91,C,6400,4864.9663921875,3957.115,3902.6549134280776,2035.5275000000001,6484.445,4448.9175,False
cat91,D,1149,5086.299869451697,3974.15,4171.099826412973,2060.02,6814.89,4754.870000000001,False
cat91,E,254,5537.82,4484.235,4288.328642158632,2249.715,7216.422500000001,4966.7075,False
cat91,F,97,5747.867525773196,5145.5,3815.1369352802594,2195.78,8537.91,6342.129999999999,True
cat91,H,26,4914.809615384615,3538.62,5488.630553980824,1974.88,5460.217500000001,3485.3375000000005,True
cat92,A,124689,3041.3819373802016,2083.84,2933.700037481478,1162.37,3914.38,2752.01,False
cat92,H,62901,3015.1701303635873,2170.7,2826.332887583217,1288.08,3751.76,2463.6800000000003,False
cat92,B,628,4045.4543152866245,2818.83,3671.0288241228327,1553.5375000000001,5569.82,4016.2824999999993,False
cat92,C,62,5761.742903225806,4586.845,5074.299037576726,2087.1549999999997,7887.2725,5800.1175,True
cat92,I,26,4914.809615384615,3538.62,5488.630553980824,1974.88,5460.217500000001,3485.3375000000005,True
cat92,D,11,6784.23090909091,3920.1,6804.9632280291635,2142.04,9784.345,7642.304999999999,True
cat92,F,1,1084.57,1084.57,,1084.57,1084.57,0.0,True
cat93,D,150237,3020.311462888636,2104.92,2870.311589158012,1203.12,3838.98,2635.86,False
cat93,C,35788,3118.6908611825193,2176.275,3042.0297044234585,1214.995,3989.0,2774.005,False
cat93,B,1133,2869.2075022065314,2094.81,2651.1698099534983,1222.69,3581.77,2359.08,False
cat93,E,728,3640.5074725274726,2534.4750000000004,3494.640549517931,1337.19,4656.1275000000005,3318.9375000000005,False
cat93,A,432,1643.553148148148,1221.7849999999999,1554.9958143338,737.1175,2000.0,1262.8825000000002,False
cat94,D,121642,3246.086086960096,2179.835,3183.471660094235,1212.8525,4155.825,2942.9725,False
cat94,B,51710,2609.7320674917814,2011.99,2207.763740985067,1189.4225000000001,3383.1275,2193.705,False
cat94,C,13623,2925.9785429053804,2122.41,2477.6366424297034,1243.275,3790.325,2547.0499999999997,False
cat94,A,738,1717.991734417344,1412.775,1237.437414999513,913.5025,2186.66,1273.1574999999998,False
cat94,F,494,1801.7843319838055,1402.305,1641.9988297794303,885.205,2146.8075,1261.6025,False
cat94,E,91,1256.722087912088,1110.65,609.3271023997911,812.03,1630.355,818.325,True
cat94,G,20,2139.1265,1925.245,1053.8827026525596,1198.64,2998.2325,1799.5925,True
cat95,C,87531,3117.471229050279,2161.46,3032.5172492739794,1240.795,3904.41,2663.615,False
cat95,D,79525,2990.93260949387,2088.13,2765.837957031489,1177.49,3878.89,2701.3999999999996,False
cat95,E,17417,2748.3694126428204,1987.68,2401.768851746999,1159.92,3515.72,2355.7999999999997,False
cat95,A,3736,3530.3094218415417,2235.145,4362.294219592262,1226.1100000000001,4288.385,3062.275,False
cat95,B,109,1820.938623853211,1631.0,1089.6548583700185,937.24,2401.74,1464.4999999999998,True
cat96,E,174360,3029.678285788025,2112.88,2888.0155062261942,1200.3574999999998,3867.685,2667.3275000000003,False
cat96,D,7922,2889.674623832366,2021.83,2788.437297629734,1200.6174999999998,3524.775,2324.1575000000003,False
cat96,B,2957,3768.8838958403785,2591.36,3757.130357629034,1524.09,4513.69,2989.5999999999995,False
cat96,G,2665,3272.903069418386,2111.28,3182.0391846596194,1200.62,4182.05,2981.4300000000003,False
cat96,F,343,2235.9202332361515,1894.6,1437.6785661221638,1210.585,2926.455,1715.87,False
cat96,A,35,1671.250857142857,1276.72,1608.8612673590185,809.71,1538.8249999999998,729.1149999999998,True
cat96,C,24,4320.787499999999,2514.6949999999997,4281.324990521397,1652.7324999999998,5907.2699999999995,4254.537499999999,True
cat96,I,12,3555.0275,2051.485,4261.2373908656355,1324.0675,2786.015,1461.9474999999998,True
cat97,C,78127,3103.712921909199,2129.01,3010.0715334514252,1187.275,3973.54,2786.265,False
cat97,E,47450,2961.1030476290834,2146.7299999999996,2494.983177029879,1208.07,3934.965,2726.8950000000004,False
cat97,A,41970,3012.5308718132,2063.105,3043.909099429562,1223.79,3649.6400000000003,2425.8500000000004,False
cat97,G,16745,3005.2726234696925,2086.69,3159.5380114754694,1213.55,3655.5,2441.95,False
cat97,D,3779,2968.557793066949,2194.13,2504.6033495608085,1203.62,3929.91,2726.29,False
cat97,F,213,4203.008544600939,2569.94,4402.789406779338,1342.66,5498.93,4156.27,False
cat97,B,34,3664.933529411765,3059.125,2337.7681114374523,1965.9524999999999,4859.1525,2893.2000000000003,True
cat98,A,105492,3062.414535035832,2131.565,2934.308146952692,1197.76,3956.5425,2758.7825000000003,False
cat98,D,50557,3062.9720669739104,2097.67,2982.467016310857,1183.84,3855.78,2671.9400000000005,False
cat98,C,21485,3096.0500162904355,2225.47,2829.8037635511387,1342.57,3798.24,2455.67,False
cat98,E,10242,2563.8212624487405,1869.525,2285.066255536002,1111.0,3214.14,2103.14,False
cat98,B,542,2385.891881918819,1836.54,1924.2197198844049,1202.9325,2876.2775,1673.3450000000003,False
cat99,P,79455,2993.899861556856,2089.68,2772.7851646449767,1177.87,3881.535,2703.665,False
cat99,T,72591,3067.9923586946043,2132.51,2932.5639720406098,1231.24,3832.54,2601.3,False
cat99,R,10290,2567.642617103985,1871.0349999999999,2289.985409925731,1112.5874999999999,3219.5325,2106.9449999999997,False
cat99,D,8844,3403.8957372229756,2357.275,3379.862053539194,1313.2649999999999,4315.8775,3002.6124999999997,False
cat99,S,7045,2989.176400283889,2177.44,2475.7541962001674,1233.07,4025.1,2792.0299999999997,False
cat99,N,2894,3093.8004388389772,2193.88,2748.247467228918,1205.3925,4046.235,2840.8425,False
cat99,K,2703,3122.1727450980393,2302.43,2677.754268768338,1275.97,4121.125,2845.1549999999997,False
cat99,F,2702,3364.0043671354556,2138.39,3770.8321408567617,1197.89,4105.4175000000005,2907.5275,False
cat99,E,1034,3964.889941972921,2479.31,5600.407353994467,1338.1275,4854.715,3516.5875,False
cat99,C,310,5719.515161290323,3068.165,10041.726900127946,1432.2525,6356.2425,4923.99,False
cat99,J,245,4408.55,3141.51,3816.816408197337,1575.93,5858.52,4282.59,False
cat99,H,93,1894.659569892473,1543.32,1347.6354852625925,822.97,2416.3,1593.3300000000002,True
cat99,M,52,1991.7725,1627.03,1219.7552116151235,968.78,2798.2675,1829.4875,True
cat99,I,38,1816.1805263157894,1766.425,1010.7548670309446,935.2825,2290.5425,1355.26,True
cat99,G,19,1362.9094736842105,1180.53,709.1077551047567,852.145,1802.9850000000001,950.8400000000001,True
cat99,O,3,936.6033333333335,1106.18,340.8455906027439,825.205,1132.79,307.5849999999999,True
cat100,F,42970,3200.0989397253898,2325.085,2942.2899676977695,1402.6725000000001,3971.0775,2568.4049999999997,False
cat100,I,39933,1970.402508702076,1470.68,1720.664299970259,941.64,2365.52,1423.88,False
cat100,L,19961,4005.5817143429686,3315.15,3048.822161387856,1874.77,5299.1,3424.3300000000004,False
cat100,K,13817,2772.5496974741263,1852.56,2677.113094396262,1008.78,3605.64,2596.8599999999997,False
cat100,G,12935,4678.556561267877,3636.05,3812.621367401104,2057.1949999999997,6150.754999999999,4093.5599999999995,False
cat100,J,12027,2063.532037914692,1416.12,2079.801890685377,884.49,2430.1549999999997,1545.6649999999997,False
cat100,H,10776,3906.7548997772824,2932.415,3301.602759004278,1747.0725,4952.0525,3204.9799999999996,False
cat100,A,9402,1746.2421697511168,1281.935,1539.1139284971503,821.5600000000001,2114.15,1292.5900000000001,False
cat100,N,7592,3055.7959641728135,2318.205,2583.30970173347,1445.5874999999999,3768.0525,2322.465,False
cat100,B,6608,3090.5893341404358,2310.51,2583.9741613525866,1444.365,3850.4474999999998,2406.0824999999995,False
cat100,O,5697,3496.4890345796034,2388.8,3809.167439375346,1315.89,4440.95,3125.0599999999995,False
cat100,M,5185,4767.290925747348,3822.92,4008.7022609470346,1919.47,6440.27,4520.8,False
cat100,C,836,4835.537141148325,3665.085,4101.155345312348,2020.0825,6127.139999999999,4107.057499999999,False
cat100,D,553,2253.6821338155514,1743.03,1881.7860706046058,1092.62,2734.7,1642.08,False
cat100,E,26,4914.809615384615,3538.62,5488.630553980824,1974.88,5460.217500000001,3485.3375000000005,True
cat101,A,106721,2454.1398437983153,1739.25,2361.3098596297195,1042.77,3000.32,1957.5500000000002,False
cat101,D,17171,2812.9903057480637,1927.96,2711.813767175096,1107.92,3508.7,2400.7799999999997,False
cat101,C,16971,2778.2836379706555,1912.24,2777.5349174467065,1109.415,3470.825,2361.41,False
cat101,G,10944,3450.680946637427,2644.12,2779.1169115846824,1631.6525000000001,4405.02,2773.3675000000003,False
cat101,F,10139,3560.151861130289,2723.55,2976.537533019054,1647.5349999999999,4552.39,2904.8550000000005,False
cat101,J,7259,4603.863789778206,3825.63,3272.0645910431085,2449.785,5815.76,3365.9750000000004,False
cat101,I,6690,4590.935254110613,3804.7250000000004,3210.935278614584,2383.4224999999997,5845.9,3462.4775,False
cat101,M,3669,5540.2927664213685,4627.24,3895.336013072081,3041.94,6921.65,3879.7099999999996,False
cat101,L,3173,5321.419555625591,4558.45,3465.68144438517,3006.27,6674.4,3668.1299999999997,False
cat101,Q,2762,7057.4702643012315,6016.505,4651.853554429479,4077.19,8919.64,4842.449999999999,False
cat101,O,2493,6870.387172081829,5970.22,4215.629488101314,4076.42,8696.66,4620.24,False
cat101,S,173,8993.138439306358,8280.08,5099.103567735556,5765.8,11082.3,5316.499999999999,True
cat101,R,138,8564.376594202899,7287.925,5604.6866932563,5375.3375,10938.725,5563.387500000001,True
cat101,E,7,4458.574285714286,3426.28,4795.410934549326,1792.085,4359.860000000001,2567.7750000000005,True
cat101,B,3,1292.02,936.81,789.4184050932686,839.71,1566.725,727.0149999999999,True
cat101,K,2,3240.165,3240.165,3127.1302423228235,2134.5575,4345.7725,2211.215,True
cat101,H,1,1320.72,1320.72,,1320.72,1320.72,0.0,True
cat101,N,1,2192.72,2192.72,,2192.72,2192.72,0.0,True
cat101,U,1,15972.49,15972.49,,15972.49,15972.49,0.0,True
cat102,A,177274,2975.5585590103456,2070.73,2852.6096483904016,1184.33,3770.425,2586.0950000000003,False
cat102,B,5155,4018.6318874878757,3006.97,3579.9037211908935,1686.35,5177.24,3490.89,False
cat102,C,4929,3914.580137959018,2978.93,3264.0089037136895,1678.07,5144.47,3466.4000000000005,False
cat102,E,482,4529.677510373444,3391.335,4005.632185208627,1842.97,5653.5075,3810.5374999999995,False
cat102,D,449,4615.829376391982,3551.57,3739.010304052741,1959.4,5973.16,4013.7599999999998,False
cat102,G,15,8334.852666666668,6677.43,5271.7581840440325,4304.5599999999995,11217.810000000001,6913.250000000002,True
cat102,F,12,5688.412499999999,5351.88,3910.832652004441,1997.4775,9382.45,7384.972500000001,True
cat102,H,1,18646.37,18646.37,,18646.37,18646.37,0.0,True
cat102,J,1,17435.36,17435.36,,17435.36,17435.36,0.0,True
cat103,A,123737,2814.648334855379,1947.07,2730.7306637982188,1106.73,3574.58,2467.85,False
cat103,B,33342,3078.8902804270892,2064.615,2956.262034129519,1209.5375,3901.5525000000002,2692.0150000000003,False
cat103,C,16508,3447.5018433486794,2477.8050000000003,3103.5238435824085,1512.7775,4236.78,2724.0024999999996,False
cat103,D,7806,4029.012131693569,3063.58,3350.7898835702636,1932.16,4973.3775,3041.2174999999997,False
cat103,E,4473,4349.91779342723,3379.92,3257.4365329167904,2166.13,5491.64,3325.51,False
cat103,F,1528,5009.336590314136,4092.255,3654.883400078026,2645.8275,6185.08,3539.2525,False
cat103,G,550,5712.691854545455,4566.67,4805.128332952928,2901.4775,7014.17,4112.6925,False
cat103,H,190,5983.009473684211,4989.425,4416.57051545758,3181.825,7106.165,3924.34,False
cat103,I,109,7276.575963302753,6280.68,5277.131591050325,3809.03,9040.7,5231.67,True
cat103,J,45,7106.018888888889,6046.6,4518.509511576308,3635.51,9209.79,5574.280000000001,True
cat103,L,17,6675.83,5886.72,3716.1434053985995,4891.25,7773.87,2882.62,True
cat103,K,11,6249.808181818182,6497.98,4941.195615894635,1930.3000000000002,7855.145,5924.845,True
cat103,N,2,2836.435,2836.435,3165.568566948124,1717.2375,3955.6324999999997,2238.3949999999995,True
cat104,E,42925,2981.0809421083286,2076.6,2645.8795822962634,1166.91,3922.99,2756.08,False
cat104,G,40660,3117.23777004427,2118.17,3038.8373597228065,1181.6875,3911.3375,2729.65,False
cat104,D,27611,2970.460094889718,2191.84,2465.1451246555134,1231.1399999999999,3938.395,2707.255,False
cat104,F,19228,3068.3329233409613,2111.2200000000003,3052.170909908094,1192.3925,3817.1724999999997,2624.7799999999997,False
cat104,H,17187,2767.820460813405,1968.41,2505.54399184278,1161.815,3515.62,2353.805,False
cat104,K,14297,3173.2300167867384,2157.31,3270.5432901919958,1294.97,3836.1,2541.13,False
cat104,I,10919,3014.904157889917,2081.42,3360.386503407739,1208.5149999999999,3699.495,2490.98,False
cat104,C,6949,2847.1126737660093,2108.58,2398.514700791907,1161.12,3775.6,2614.48,False
cat104,L,3486,3683.609644291452,2527.54,4134.880610633254,1442.54,4399.3125,2956.7725,False
cat104,J,3138,3330.961504142766,2199.005,3558.07237399563,1349.4025000000001,3802.8225,2453.42,False
cat104,M,1156,4167.185519031142,2575.6099999999997,4954.369683954523,1583.435,4571.125,2987.69,False
cat104,O,409,3089.3257457212712,2413.27,2288.4528959303816,1434.2,4071.88,2637.6800000000003,False
cat104,N,153,3861.0956209150327,2557.33,5292.2169706482055,1412.16,4229.03,2816.87,True
cat104,P,86,3035.8196511627907,2503.9449999999997,2518.2587956356565,1447.45,3548.1775000000002,2100.7275,True
cat104,A,68,3527.34,2190.955,3517.153845767486,1237.805,4406.165,3168.3599999999997,True
cat104,B,43,3195.70976744186,2594.26,2234.492631997238,1479.83,4510.655000000001,3030.8250000000007,True
cat104,Q,3,4747.946666666667,3333.34,3540.2723650212747,2733.52,6055.07,3321.5499999999997,True
cat105,E,76493,2861.3099895415266,2075.47,2440.2031598235035,1185.61,3759.17,2573.5600000000004,False
cat105,F,62892,3071.0210373338423,2141.87,2881.0470932661883,1222.84,3887.7475,2664.9075000000003,False
cat105,G,20613,3226.280348809004,2132.86,3248.537897286454,1206.22,3999.69,2793.4700000000003,False
cat105,D,12172,2612.9226298061126,1919.475,2279.0722283651776,1130.34,3269.2325,2138.8925,False
cat105,H,11258,3430.475048854148,2232.97,3501.649887696691,1233.5,4371.05,3137.55,False
cat105,I,2941,4356.198208092485,2793.65,4618.690627301762,1367.66,5620.37,4252.71,False
cat105,J,694,5340.362507204611,3237.865,6468.172395096295,1746.9225000000001,6259.075,4512.1525,False
cat105,K,486,5147.148744855967,2902.585,6384.539100179127,1495.8575,6670.6025,5174.745,False
cat105,C,275,2794.335927272727,2099.17,2446.890672562901,1213.24,3585.1949999999997,2371.955,False
cat105,M,171,6275.504035087719,3519.23,9048.899294288949,1888.35,7353.594999999999,5465.244999999999,True
cat105,L,145,6631.49475862069,3805.29,7454.69805432743,2051.43,8227.59,6176.16,True
cat105,A,77,3015.3992207792207,1880.77,3185.703761082168,1004.77,3386.79,2382.02,True
cat105,N,64,7031.06546875,5558.05,5495.233526104995,2846.0299999999997,9357.7225,6511.6925,True
cat105,P,15,22600.972,4069.65,38906.09485909083,2193.075,15599.939999999999,13406.864999999998,True
cat105,O,9,6625.501111111112,4313.53,5497.954661777516,3521.03,9949.54,6428.51,True
cat105,B,5,1236.3380000000002,1201.95,331.56384433469213,1159.4,1254.23,94.82999999999993,True
cat105,Q,4,12335.162499999999,5433.785,16836.945745936966,2220.06,15548.887499999999,13328.8275,True
cat105,R,2,15316.645,15316.645,17722.012195911895,9050.967499999999,21582.3225,12531.355,True
cat105,S,1,3637.2,3637.2,,3637.2,3637.2,0.0,True
cat105,T,1,51383.04,51383.04,,51383.04,51383.04,0.0,True
cat106,G,47165,2928.131985582529,2046.08,2741.305844724495,1168.25,3694.64,2526.39,False
cat106,H,37713,2912.657092249357,2051.82,2565.6592027497177,1170.86,3792.65,2621.79,False
cat106,F,36143,3278.1418116924438,2201.74,3356.074701073255,1260.69,4028.415,2767.725,False
cat106,I,21433,2815.5252535809263,2015.21,2440.269064550638,1138.34,3698.76,2560.42,False
cat106,J,18281,3010.036765494229,2221.7,2464.8364089671313,1232.5,4049.75,2817.25,False
cat106,E,13000,3538.7423969230767,2281.435,3869.40893155405,1323.8274999999999,4226.2375,2902.4100000000003,False
cat106,K,7958,2785.64882005529,2165.16,2098.580229878297,1200.2025,3825.4900000000002,2625.2875000000004,False
cat106,L,2971,2660.348882531134,1994.26,2161.2716332042837,1142.99,3507.7799999999997,2364.79,False
cat106,D,1934,4462.236458117891,2741.5150000000003,5276.277451805408,1619.8175,5232.9475,3613.13,False
cat106,M,1176,2941.4861564625853,2191.84,2271.4431199493647,1212.475,4134.495,2922.02,False
cat106,N,231,2591.4112987012986,2028.74,1904.009311713404,1156.335,3484.3450000000003,2328.01,False
cat106,C,129,6771.240542635659,3183.76,12499.84585688943,1826.98,5173.54,3346.56,True
cat106,A,75,3259.5108,2003.69,3173.622581444335,1340.685,3856.085,2515.4,True
cat106,O,66,2319.965909090909,1961.1100000000001,1576.655341867692,1078.9750000000001,3366.7525,2287.7775,True
cat106,R,32,3546.8984375,2844.31,2360.7236082445756,1880.8125,4659.2325,2778.42,True
cat106,B,9,3540.1299999999997,2211.29,3622.536640028642,2065.38,3897.49,1832.1099999999997,True
cat106,P,2,759.425,759.425,240.32438172187196,674.4575,844.3925,169.93500000000006,True
cat107,F,47310,3072.6211885436483,2098.4849999999997,2923.395751101085,1173.6475,3952.495,2778.8475,False
cat107,G,28560,3149.791914565826,2233.975,2833.4241983067395,1271.1950000000002,4041.1075,2769.9125,False
cat107,H,23461,3124.0431528920335,2254.84,2767.40067051297,1293.13,4038.1,2744.97,False
cat107,J,22405,3084.531565721937,2103.27,3018.0810090256205,1184.36,3867.14,2682.7799999999997,False
cat107,K,20236,2946.549609112473,2038.5549999999998,2781.0602826346294,1168.26,3718.1525,2549.8925,False
cat107,I,20066,2913.9882148908605,2059.32,2713.738448629538,1197.1375,3679.1275,2481.99,False
cat107,E,12521,2871.4291749860236,1971.56,3316.1081378311274,1166.3,3484.56,2318.26,False
cat107,L,6976,3003.2061697247705,2150.3599999999997,2692.4028749493823,1209.345,3946.345,2737.0,False
cat107,D,3225,2636.230164341085,1817.15,3909.55954446075,1094.88,3071.51,1976.63,False
cat107,M,2067,3074.337929366231,2318.36,2659.311608454607,1206.355,4163.344999999999,2956.9899999999993,False
cat107,N,797,3053.982032622334,2275.71,2518.3539675212533,1277.32,4006.74,2729.42,False
cat107,C,213,2076.430704225352,1553.98,3673.600366907177,904.97,2307.71,1402.74,False
cat107,Q,140,2985.1141428571427,2211.245,2797.680863165725,985.02,3909.6225,2924.6025,True
cat107,O,125,2950.61352,2471.53,2101.0798055079476,1247.09,4367.85,3120.76,True
cat107,P,100,3138.6722999999997,2389.165,2507.929702985085,1076.455,4610.6375,3534.1825,True
cat107,A,75,3259.5108,2003.69,3173.622581444335,1340.685,3856.085,2515.4,True
cat107,U,32,3546.8984375,2844.31,2360.7236082445756,1880.8125,4659.2325,2778.42,True
cat107,R,5,3063.068,3061.6,1661.7941625454098,2262.69,3327.76,1065.0700000000002,True
cat107,B,2,19845.899999999998,19845.899999999998,24495.819388034357,11185.32,28506.48,17321.16,True
cat107,S,2,5553.495,5553.495,87.26404786623173,5522.6425,5584.3475,61.70499999999993,True
cat108,B,65512,2835.619131914764,2041.21,2416.8359309939983,1153.0349999999999,3743.7374999999997,2590.7025,False
cat108,K,42435,2928.250686225993,2041.16,2713.8476977062355,1155.8,3737.025,2581.2250000000004,False
cat108,G,21421,3094.658479062602,2225.51,2827.247745720102,1342.57,3797.01,2454.4400000000005,False
cat108,D,19160,3719.431096033403,2378.755,3998.122754023553,1297.3825000000002,4662.225,3364.8425,False
cat108,F,10242,2563.8212624487405,1869.525,2285.066255536002,1111.0,3214.14,2103.14,False
cat108,A,9299,2985.5236143671364,2189.2,2537.3719034190476,1227.315,3922.43,2695.115,False
cat108,E,7968,3771.1030860943774,2416.935,4046.2906680038463,1351.7575000000002,4626.87,3275.1124999999997,False
cat108,I,7243,2969.863907220765,2174.46,2448.1323597686105,1225.04,4003.89,2778.85,False
cat108,H,4305,3878.6507781649243,2478.45,4820.423755955543,1359.26,4796.63,3437.37,False
cat108,C,520,2365.833115384615,1847.03,1907.1015138898174,1187.5874999999999,2864.6825,1677.095,False
cat108,J,213,4203.008544600939,2569.94,4402.789406779338,1342.66,5498.93,4156.27,False
cat109,BI,152918,3146.284931531932,2141.13,3076.3700829389413,1211.8075,3987.5875,2775.78,False
cat109,AB,21933,2609.7275730634206,2048.22,1900.0963554493653,1192.64,3522.63,2329.99,False
cat109,BU,3142,2639.220868873329,2054.755,2102.6080223387244,1242.96,3324.8475,2081.8875,False
cat109,K,2999,2313.3989663221073,1816.35,1841.3884670757507,1052.925,3055.465,2002.5400000000002,False
cat109,G,1353,2893.4349445676276,2305.31,2062.924369830459,1294.65,4032.6,2737.95,False
cat109,BQ,1067,2415.1294189315836,1974.42,1698.1277530475713,1079.47,3372.74,2293.2699999999995,False
cat109,N,461,1833.5566594360087,1625.31,1040.8293773387766,999.57,2462.25,1462.6799999999998,False
cat109,M,446,3144.4973766816147,2145.915,2698.1559264283683,1237.815,4450.9725,3213.1575,False
cat109,BO,329,1855.6795744680849,1500.16,1279.411039297394,972.98,2433.49,1460.5099999999998,False
cat109,BH,257,2315.3504280155644,1930.47,1507.0632439269166,1128.37,3189.83,2061.46,False
cat109,D,214,2190.0498130841124,2008.75,1210.7936434809446,1197.1325,2984.3050000000003,1787.1725000000004,False
cat109,AR,208,2923.4834615384616,2549.95,1762.2878182258391,1357.6975,4388.715,3031.0175,False
cat109,AT,200,3003.6402999999996,2673.63,1845.5059268300213,1501.435,4241.424999999999,2739.9899999999993,False
cat109,CL,178,4416.924494382023,2621.495,4553.953552106637,1345.6425,5834.68,4489.0375,True
cat109,AS,159,2669.9440251572328,1898.61,2135.0503632601067,1128.2649999999999,3574.115,2445.85,True
cat109,AL,151,2319.1014569536424,1922.66,1671.1224252672803,1097.83,2931.0950000000003,1833.2650000000003,True
cat109,R,149,3356.6499999999996,2696.88,2409.568516464407,1324.3,4858.98,3534.6799999999994,True
cat109,CD,143,2009.5355244755247,1643.42,1262.2633404323944,1113.005,2534.845,1421.8399999999997,True
cat109,F,124,2864.1808870967743,2566.8,1829.1564602848073,1237.3925,4145.137500000001,2907.745000000001,True
cat109,BL,122,1997.1469672131147,1690.835,1156.3737211187529,1102.245,2825.4474999999998,1723.2024999999999,True
cat109,CI,109,1809.510458715596,1525.92,1183.277255553394,1076.57,2335.53,1258.9600000000003,True
cat109,I,94,2149.9256382978724,2122.7250000000004,1048.8729675674144,1281.7625,2768.67,1486.9075,True
cat109,L,89,3689.716853932584,3018.58,2625.349906368152,1605.41,5638.16,4032.75,True
cat109,U,78,1876.6805128205126,1728.065,1006.0941415336365,1107.9825,2496.2125,1388.23,True
cat109,AW,74,2063.627027027027,1867.425,1110.1025077938607,1139.5075000000002,2797.0099999999998,1657.5024999999996,True
cat109,H,73,1991.8964383561645,1965.4,1029.312229309738,1158.35,2763.85,1605.5,True
cat109,Q,66,2270.1943939393936,1861.85,1367.3996797595612,1172.8675,3111.7275,1938.86,True
cat109,CA,66,1931.6733333333334,1794.98,1059.65437970244,1153.4025,2499.05,1345.6475000000003,True
cat109,BX,61,1518.3565573770493,1276.72,1072.337161348807,793.8,1748.98,955.1800000000001,True
cat109,T,59,1964.4981355932202,1737.66,1074.4143456841878,1193.43,2431.23,1237.8,True
cat109,O,58,1796.270344827586,1608.8449999999998,1444.9786896795224,918.725,2196.05,1277.3250000000003,True
cat109,AQ,57,1939.4750877192982,1640.39,1147.44625275174,1163.18,2462.46,1299.28,True
cat109,AH,55,2108.246727272727,1805.13,1173.0132058538852,1179.4499999999998,2918.33,1738.88,True
cat109,AX,54,1646.7096296296297,1410.35,896.271665928936,1023.295,1888.0175000000002,864.7225000000002,True
cat109,AM,52,1605.5507692307692,1563.965,824.1250391228267,1058.985,1975.6275,916.6425000000002,True
cat109,AE,52,2882.0209615384615,2651.245,1842.6290336558811,1382.145,4052.69,2670.545,True
cat109,A,52,2252.565192307692,1839.025,1443.7259631333961,1057.0375,3277.4825,2220.445,True
cat109,AJ,50,1975.3736,1889.2649999999999,1062.6306530238805,991.4499999999999,2733.8675000000003,1742.4175000000005,True
cat109,X,49,2759.8004081632653,2284.83,2371.1136181628517,1026.23,3565.12,2538.89,True
cat109,BD,43,1965.152558139535,1878.0,1012.9645966292467,1282.105,2725.865,1443.7599999999998,True
cat109,CC,43,2297.1853488372094,1823.98,1426.3271100666861,1180.0349999999999,3488.115,2308.08,True
cat109,C,39,4059.7602564102563,3210.76,3094.6294476785756,1476.74,5962.57,4485.83,True
cat109,BA,33,2848.4166666666665,2424.76,1918.363978574365,1381.99,4064.59,2682.6000000000004,True
cat109,S,25,1862.5783999999999,1426.31,1277.1353711388622,936.45,2577.29,1640.84,True
cat109,Y,23,2950.83,3136.1,1414.994434492749,2110.9700000000003,3645.745,1534.7749999999996,True
cat109,BJ,22,2541.0,1626.795,2077.4223073914513,938.0250000000001,3723.46,2785.435,True
cat109,AU,22,2677.7054545454544,2024.915,1824.513403079421,1345.975,3346.3624999999997,2000.3874999999998,True
cat109,AI,18,1527.1244444444446,1525.75,592.817529164723,1002.41,2035.96,1033.5500000000002,True
cat109,E,17,1877.1670588235295,2047.16,1181.2357787967476,757.17,2898.44,2141.27,True
cat109,AN,17,1522.1523529411766,1528.08,775.5334585265276,1060.65,1747.37,686.7199999999998,True
cat109,BR,16,1622.345625,1269.065,999.0214824781882,917.13,2436.53,1519.4,True
cat109,BK,15,1694.0266666666669,1543.67,800.554182994208,1156.2,2126.645,970.4449999999999,True
cat109,BB,14,3510.847142857143,3730.68,1417.5736073382498,2656.8824999999997,4252.885,1596.0025000000005,True
cat109,BC,14,1793.9635714285712,1756.46,698.1157450166196,1343.4824999999998,2081.61,738.1275000000003,True
cat109,AA,14,2418.3342857142857,1872.33,1482.817710808686,1351.005,3137.2325,1786.2275,True
cat109,CK,13,972.9530769230769,836.85,539.529623258146,685.18,1152.62,467.43999999999994,True
cat109,CF,12,2625.8641666666667,2274.0950000000003,1675.4151191893707,1172.535,3651.215,2478.6800000000003,True
cat109,V,11,1566.5454545454545,1277.43,615.3818364131921,1076.685,2027.0749999999998,950.3899999999999,True
cat109,AY,9,2495.366666666667,2216.07,1440.341938933252,1597.92,2943.71,1345.79,True
cat109,BS,9,1719.5933333333332,2038.62,917.65057436096,898.61,2136.43,1237.8199999999997,True
cat109,CE,8,1643.81625,1486.1,780.3177224866713,1294.895,1753.4775,458.5825,True
cat109,CG,8,2676.67625,2525.275,1149.2000043376447,2125.5625,2953.8675,828.3049999999998,True
cat109,CJ,8,1564.05375,1126.24,1233.9482879757213,833.625,1801.655,968.03,True
cat109,AF,8,1452.7275,1456.64,782.6629013958875,771.17,1967.8075,1196.6374999999998,True
cat109,P,8,1639.2475,1435.4099999999999,1092.7849989002543,670.4325,2558.3375,1887.9050000000002,True
cat109,AP,7,1084.1585714285713,1132.76,446.0562468803148,821.77,1297.875,476.105,True
cat109,CH,6,1679.6066666666666,1268.3,838.5494865222128,1141.7775,2208.715,1066.9375000000002,True
cat109,AV,6,1959.705,1841.975,1146.1476921016767,1270.0375,2737.425,1467.3875000000003,True
cat109,BE,5,1700.2900000000002,1614.7,877.3759830312202,1294.6,1702.67,408.07000000000016,True
cat109,BG,3,3268.263333333334,3885.06,1219.2887923020262,2874.435,3970.49,1096.0549999999998,True
cat109,BY,3,1470.3,1288.31,480.49880051879416,1197.845,1651.76,453.91499999999996,True
cat109,BM,2,1868.235,1868.235,867.1604011081225,1561.6475,2174.8224999999998,613.1749999999997,True
cat109,AO,2,866.18,866.18,557.7941132711961,668.97,1063.3899999999999,394.41999999999985,True
cat109,BT,2,1211.505,1211.505,511.2877002725568,1030.7375,1392.2725,361.5350000000001,True
cat109,BV,2,1727.245,1727.245,1263.1826249794603,1280.6425,2173.8475,893.2049999999999,True
cat109,BN,2,1680.49,1680.49,542.5064646619429,1488.685,1872.295,383.6100000000001,True
cat109,AG,1,1150.72,1150.72,,1150.72,1150.72,0.0,True
cat109,AK,1,544.06,544.06,,544.06,544.06,0.0,True
cat109,CB,1,2860.23,2860.23,,2860.23,2860.23,0.0,True
cat109,B,1,759.84,759.84,,759.84,759.84,0.0,True
cat109,BF,1,2887.44,2887.44,,2887.44,2887.44,0.0,True
cat109,J,1,2143.75,2143.75,,2143.75,2143.75,0.0,True
cat109,BP,1,1624.06,1624.06,,1624.06,1624.06,0.0,True
cat109,ZZ,1,796.91,796.91,,796.91,796.91,0.0,True
cat110,CL,25305,3523.7305382335503,2285.55,3782.265174093284,1277.19,4324.28,3047.0899999999997,False
cat110,EG,24654,3047.407985316784,2159.245,2789.944172376068,1228.7325,3915.4375,2686.705,False
cat110,CS,24592,3024.8991513500328,2056.51,2850.3646450725423,1180.78,3841.1525,2660.3725000000004,False
cat110,EB,21396,2912.5478514675638,2130.495,2531.9270115876016,1213.475,3828.0699999999997,2614.595,False
cat110,CO,17495,3117.470019434124,2149.32,2875.550667330259,1206.955,4014.75,2807.795,False
cat110,BT,16365,3180.054736327528,2149.62,3069.9369915426155,1200.46,4085.02,2884.56,False
cat110,EL,9236,2676.473775443915,1959.49,2817.72958553915,1142.2725,3405.6675,2263.395,False
cat110,BC,4131,2554.9644904381507,1939.76,2151.528924337195,1189.695,3173.06,1983.365,False
cat110,DW,3640,2709.7820384615384,2073.17,2199.9859317444602,1225.135,3500.9675,2275.8325000000004,False
cat110,CQ,3271,3053.205074900642,1991.56,3032.2885175152232,1118.975,3813.685,2694.71,False
cat110,DX,3096,2909.06940245478,2083.3900000000003,2607.0656143903884,1115.2425,3736.0375,2620.795,False
cat110,AI,2965,2786.2811568296797,2130.15,2126.481554492585,1183.83,3841.08,2657.25,False
cat110,BP,2867,2877.9677886292293,2051.7,2716.9188043477134,1161.29,3534.0249999999996,2372.7349999999997,False
cat110,W,2703,2970.150318165002,2136.2,2609.9952242578447,1258.8,3876.945,2618.1450000000004,False
cat110,C,2681,2425.9131219694145,1973.47,1699.755842774319,1158.99,3276.92,2117.9300000000003,False
cat110,AC,2611,3669.9497165836847,2567.85,3293.7247650401678,1405.465,4818.355,3412.8899999999994,False
cat110,CM,1925,2747.197496103896,2056.02,2208.0226166668995,1178.63,3655.73,2477.1,False
cat110,BS,1920,2859.8451770833335,2103.46,2499.2202647644863,1174.8575,3755.755,2580.8975,False
cat110,DK,1745,2938.1723094555873,2020.68,2537.0565146299027,1176.59,3835.73,2659.1400000000003,False
cat110,V,1692,2626.0157092198583,2012.0,1983.8303626706495,1090.44,3705.1275,2614.6875,False
cat110,A,1296,2946.2364583333333,2212.3199999999997,2292.6601056694094,1321.7625,3927.365,2605.6025,False
cat110,EE,1185,3509.414194092827,2275.86,3459.70924801669,1320.25,4477.41,3157.16,False
cat110,EF,1159,3285.088723037101,2262.15,3010.123588090505,1273.635,4146.905000000001,2873.2700000000004,False
cat110,CI,1066,3566.819324577861,2313.1949999999997,3727.4671999280504,1263.3975,4393.4349999999995,3130.0374999999995,False
cat110,DM,796,3077.0165452261303,1948.185,2980.5581062098213,1056.1425,4046.8650000000002,2990.7225000000003,False
cat110,CR,767,2842.394185136897,1999.57,2606.9987697646993,1126.2849999999999,3626.785,2500.5,False
cat110,AM,643,2429.6731570762054,1750.99,2557.144180291967,1161.33,2796.79,1635.46,False
cat110,AD,626,2060.47214057508,1729.475,1388.623355304285,1079.7575,2613.0150000000003,1533.2575000000004,False
cat110,AP,576,2668.304322916667,2249.6800000000003,1845.5799455832362,1241.4099999999999,3761.84,2520.4300000000003,False
cat110,T,529,2329.314933837429,1991.78,1467.3573565675026,1184.88,3218.31,2033.4299999999998,False
cat110,DL,395,2670.2985316455693,1817.66,2488.034766966569,1033.095,3393.6400000000003,2360.545,False
cat110,U,343,2235.0475510204083,1837.22,1584.566484597899,1027.125,3013.63,1986.505,False
cat110,AK,336,2764.5647321428573,1880.52,2372.3086695645807,1116.865,3642.4874999999997,2525.6224999999995,False
cat110,CH,296,2492.004358108108,2076.0249999999996,1620.0431388216105,1129.1125,3566.5099999999998,2437.3975,False
cat110,I,236,2810.34,2254.285,2017.0879812488906,1145.16,4062.8599999999997,2917.7,False
cat110,DJ,233,2672.629184549356,2314.5,1785.114296085424,1404.65,3710.36,2305.71,False
cat110,N,222,1538.2295045045046,1368.275,1353.5781601929525,859.8275,1929.8925,1070.065,False
cat110,CG,206,1916.5368446601942,1712.96,1085.1418908063029,1064.67,2498.6400000000003,1433.9700000000003,False
cat110,AY,202,2869.350297029703,2192.075,2280.120234339996,1361.6425000000002,3504.4425,2142.8,False
cat110,EA,181,3123.9773480662984,2224.66,2525.92383361209,1286.43,4401.04,3114.6099999999997,True
cat110,EM,176,4427.839375,2621.495,4569.922817113048,1351.6075,5807.48,4455.8724999999995,True
cat110,E,175,2485.3404571428573,2089.18,1696.9420664539316,1231.615,3277.035,2045.4199999999998,True
cat110,CJ,153,3206.171633986928,2020.4,3184.413486805169,1109.56,4049.71,2940.15,True
cat110,BG,146,1803.6042465753426,1608.135,1064.205509640933,963.94,2460.9175,1496.9775,True
cat110,DU,138,2597.97847826087,2064.2799999999997,1974.727082310752,1449.9475,3042.375,1592.4275,True
cat110,AL,121,1984.5146280991735,1848.45,1100.535650021571,1143.4,2463.56,1320.1599999999999,True
cat110,DH,120,3196.9566666666665,2498.3100000000004,2440.765537428034,1293.1,4418.467500000001,3125.3675000000007,True
cat110,O,104,1370.5470192307694,1229.88,730.9766501734482,831.2375,1793.095,961.8575000000001,True
cat110,AR,90,2671.805,1694.355,2196.044469253216,970.9875,4030.395,3059.4075000000003,True
cat110,CV,72,1747.350138888889,1656.31,904.6723937978767,1020.455,2286.9875,1266.5325000000003,True
cat110,CN,70,4063.7395714285717,2534.2799999999997,4233.105925654006,1241.2649999999999,5370.9,4129.635,True
cat110,X,66,3258.7730303030303,2625.0600000000004,2885.963749997281,1380.6475,4137.83,2757.1825,True
cat110,DI,62,1492.8798387096774,1227.3000000000002,966.5002841882867,783.4000000000001,1950.98,1167.58,True
cat110,BA,61,3224.240491803279,2446.4,2310.0741500483095,1425.11,4984.57,3559.46,True
cat110,AB,56,2358.5812499999997,1823.455,1954.907143949728,817.56,3129.43,2311.87,True
cat110,D,52,2034.9055769230768,1804.365,1177.0684368885559,1322.465,2569.5125,1247.0475,True
cat110,BR,52,1523.6153846153845,1336.475,847.7576302140393,887.1925,1824.77,937.5775,True
cat110,AW,48,2236.6725,1755.98,1541.585713511985,1139.51,2665.075,1525.5649999999998,True
cat110,CT,39,1999.0771794871794,1668.2,1054.6195197818943,1205.56,2588.26,1382.7000000000003,True
cat110,AT,39,2536.108205128205,2246.12,1695.1322913936958,1172.69,3046.0150000000003,1873.3250000000003,True
cat110,AU,38,3333.886315789474,1838.4099999999999,3426.7803915261657,1009.325,4920.34,3911.0150000000003,True
cat110,BO,38,1585.6105263157895,1524.3899999999999,894.754472651266,633.88,2199.36,1565.48,True
cat110,CF,35,2096.978285714286,1849.41,1138.0133088839405,1241.3000000000002,2883.485,1642.185,True
cat110,G,34,1687.920294117647,1459.46,1079.1829260237225,929.2850000000001,2351.6425,1422.3574999999998,True
cat110,BX,31,1521.8667741935485,1243.42,1099.4665068671172,868.565,1490.675,622.1099999999999,True
cat110,DC,29,2130.081724137931,1481.88,1987.7200178004896,861.17,2418.09,1556.92,True
cat110,AO,27,2112.2385185185185,1535.21,1543.4567362098514,1067.7350000000001,3034.62,1966.8849999999998,True
cat110,CP,27,2376.678888888889,2128.9,1444.0173687702847,927.115,3493.6,2566.4849999999997,True
cat110,BJ,26,2204.1711538461536,2317.55,966.9038483958038,1669.35,2940.3175,1270.9675000000002,True
cat110,DR,26,2283.512307692308,2230.075,1292.6131908821221,1077.3425000000002,3207.8275,2130.4849999999997,True
cat110,CK,26,1384.965,1233.92,894.1192624443341,904.4075,1644.3175,739.9100000000001,True
cat110,DA,22,2406.217727272727,1959.7150000000001,1640.697205310485,1226.3825,3120.8575,1894.4750000000001,True
cat110,J,22,1932.1531818181816,1597.435,1033.4526401680664,1340.4575,2270.97,930.5124999999998,True
cat110,AX,21,2758.193333333333,2578.01,1617.2899897709542,1760.61,3935.99,2175.38,True
cat110,BW,21,1658.6038095238096,1481.7,822.824313006587,1250.95,1926.75,675.8,True
cat110,R,20,3052.4375,2839.865,1434.817215642448,2148.9325,3379.115,1230.1825,True
cat110,DF,20,2180.564,1700.835,1327.1836022804475,1230.7225,3188.05,1957.3275,True
cat110,AA,20,2578.1580000000004,2120.81,1427.574159808759,1642.8025,3742.765,2099.9624999999996,True
cat110,K,20,1856.3259999999998,1625.1,1108.5975607301516,1031.2875,2419.335,1388.0475000000001,True
cat110,BQ,19,1646.255263157895,1775.74,804.344584921775,1140.945,2025.565,884.6200000000001,True
cat110,BF,19,1564.5742105263157,1370.73,909.0856653761501,1032.16,1882.77,850.6099999999999,True
cat110,BL,18,1573.666111111111,1313.615,775.7761537752626,996.9675,2030.0275,1033.06,True
cat110,DS,17,3654.3841176470587,4000.77,2154.648937527465,1472.14,5011.89,3539.75,True
cat110,DQ,17,2165.280588235294,2009.88,1059.3181687025774,1342.3,2988.69,1646.39,True
cat110,AE,16,4646.9825,1809.42,7521.131020973286,1217.1125,3644.3525,2427.24,True
cat110,P,15,2141.1753333333336,1951.68,1147.414966229161,1401.0500000000002,2430.52,1029.4699999999998,True
cat110,DG,15,2153.5026666666668,2424.33,1276.128839523584,1024.4099999999999,3069.38,2044.9700000000003,True
cat110,BE,15,1947.3266666666666,2038.66,1300.0672962728102,744.775,2636.385,1891.6100000000001,True
cat110,AJ,14,2635.558571428571,2455.09,1257.993745654363,1753.7350000000001,3769.1225,2015.3874999999998,True
cat110,DE,14,1684.2507142857141,1665.4450000000002,557.0177828464211,1420.255,1958.7024999999999,538.4474999999998,True
cat110,DY,14,4140.4121428571425,2003.8850000000002,5142.392529448313,1184.7625,4968.9425,3784.1800000000003,True
cat110,DP,13,1678.3015384615383,1586.76,1101.6076397236159,1057.86,1897.93,840.0700000000002,True
cat110,DO,12,2071.6141666666667,1411.4,1862.040286291349,754.7375,3031.79,2277.0525,True
cat110,B,12,1576.5308333333332,1770.0700000000002,656.2712118886427,965.1775,2006.4850000000001,1041.3075000000001,True
cat110,L,11,3019.605454545455,2245.11,2598.933108394149,1122.24,4615.6900000000005,3493.4500000000007,True
cat110,Y,11,2367.635454545454,1789.79,2320.133454292505,1010.225,2281.6099999999997,1271.3849999999998,True
cat110,CY,10,1931.4990000000003,1338.58,1872.4458664742933,1108.8874999999998,1626.84,517.9525000000001,True
cat110,CC,10,1939.309,1897.9850000000001,1122.8273130752466,1199.1200000000001,2291.49,1092.3699999999997,True
cat110,AV,9,2351.6944444444443,2761.02,1062.831692956499,2047.16,2941.85,894.6899999999998,True
cat110,ED,8,1504.3775,1545.705,473.4994121507891,1277.6475,1856.0275,578.3799999999999,True
cat110,BY,8,1727.9225000000001,1456.9650000000001,908.3479111591236,1205.1675,1970.985,765.8174999999999,True
cat110,CD,8,1796.5975,1537.855,1013.5322108737204,1289.8049999999998,2297.995,1008.19,True
cat110,H,8,1311.545,1263.555,286.41399910918165,1049.855,1559.3775,509.52250000000004,True
cat110,CW,8,1455.7450000000001,1387.7849999999999,571.0262150349516,1020.7975,1811.5,790.7025,True
cat110,AG,7,2527.23,2834.62,956.4946798945965,2148.425,3114.495,966.0699999999997,True
cat110,BB,6,3476.615,2405.11,2744.3961525169793,1606.44,4970.2325,3363.7925,True
cat110,CX,6,1168.985,1091.48,705.3791991191688,653.5975,1297.65,644.0525000000001,True
cat110,AH,4,1956.4875,2073.71,545.1887884256241,1766.365,2263.8325,497.4675,True
cat110,EK,4,2067.2,1819.955,1134.940698039623,1571.1625,2315.9925,744.8299999999999,True
cat110,BU,4,1683.575,1924.44,580.8649981134457,1565.6875,2042.3275,476.6400000000001,True
cat110,DB,4,1528.2424999999998,1430.365,510.63345199043374,1169.1925,1789.415,620.2224999999999,True
cat110,AN,3,832.54,826.1,555.7879836772292,553.05,1108.81,555.76,True
cat110,DT,3,1631.18,1905.04,556.4086300552858,1447.98,1951.31,503.3299999999999,True
cat110,Q,3,4259.833333333333,4821.21,3433.7362380406175,2700.605,6099.75,3399.145,True
cat110,AF,3,1371.0266666666666,1131.85,855.664101521931,896.125,1726.34,830.2149999999999,True
cat110,DD,3,1624.5366666666666,2001.22,904.6029518155096,1296.8400000000001,2140.575,843.7349999999997,True
cat110,DN,2,1277.435,1277.435,430.25326314857864,1125.3175,1429.5525,304.2349999999999,True
cat110,BN,2,2185.7,2185.7,269.5066785814408,2090.415,2280.985,190.57000000000016,True
cat110,EI,2,1966.935,1966.935,208.4197237547349,1893.2475,2040.6225,147.375,True
cat110,EJ,2,3153.17,3153.17,545.1934704304521,2960.415,3345.9249999999997,385.50999999999976,True
cat110,BV,2,1166.315,1166.315,5.465935418572025,1164.3825000000002,1168.2475,3.8649999999997817,True
cat110,CU,2,1265.315,1265.315,300.4567423939759,1159.0874999999999,1371.5425,212.45500000000015,True
cat110,CB,1,1810.32,1810.32,,1810.32,1810.32,0.0,True
cat110,DV,1,601.09,601.09,,601.09,601.09,0.0,True
cat110,EH,1,7020.68,7020.68,,7020.68,7020.68,0.0,True
cat110,S,1,1105.51,1105.51,,1105.51,1105.51,0.0,True
cat110,BM,1,2716.54,2716.54,,2716.54,2716.54,0.0,True
cat110,BK,1,2726.89,2726.89,,2726.89,2726.89,0.0,True
cat110,BI,1,1068.07,1068.07,,1068.07,1068.07,0.0,True
cat110,BD,1,1576.5,1576.5,,1576.5,1576.5,0.0,True
cat110,AS,1,1467.99,1467.99,,1467.99,1467.99,0.0,True
cat111,A,128395,2826.826831185015,1974.74,2709.744505713497,1118.48,3576.35,2457.87,False
cat111,C,32401,3112.7932162587576,2063.98,3046.9720884714684,1216.03,3934.65,2718.62,False
cat111,E,14682,3487.3093052717613,2512.755,3118.8251379760263,1529.03,4382.97,2853.9400000000005,False
cat111,G,7039,4014.2854823128287,3056.19,3511.612251257005,1864.415,5083.18,3218.7650000000003,False
cat111,I,3578,4538.145086640581,3612.685,3383.0014401394906,2176.35,5836.0075,3659.6575,False
cat111,K,1353,5175.607575757575,4239.77,3497.230044302288,2779.52,6500.97,3721.4500000000003,False
cat111,M,473,6090.626152219873,4950.27,4306.739421898071,3420.15,7370.04,3949.89,False
cat111,O,221,6091.21592760181,4989.28,4567.55820070992,3230.11,7517.41,4287.299999999999,False
cat111,Q,91,6552.888901098901,5631.94,4418.398454686557,3849.8900000000003,8407.6,4557.71,True
cat111,S,38,7827.693421052631,5441.915,6063.38195152484,3844.4674999999997,9874.325,6029.857500000001,True
cat111,U,16,9587.939375,8083.0599999999995,7148.216013475873,4677.8325,12611.785,7933.952499999999,True
cat111,W,16,9498.15375,6622.725,6211.228406337322,5361.43,15124.595000000001,9763.165,True
cat111,B,7,2578.652857142857,2299.89,1670.1059716648151,1240.155,3493.42,2253.2650000000003,True
cat111,D,3,4634.71,1786.1,5860.895522281557,1264.355,6580.76,5316.405000000001,True
cat111,F,3,3365.9233333333336,3425.22,1758.3150457848371,2501.965,4259.53,1757.5649999999996,True
cat111,Y,2,5891.655000000001,5891.655000000001,5199.292522454378,4053.4275,7729.882500000001,3676.455000000001,True
cat112,E,25148,3208.4092802608557,2180.865,3151.8522582750256,1234.11,4036.175,2802.0650000000005,False
cat112,AH,18639,3476.60654219647,2553.71,3038.421649382864,1437.38,4541.915,3104.535,False
cat112,AS,17669,3409.983391816175,2453.19,3040.851200553788,1411.18,4362.31,2951.13,False
cat112,J,16222,2832.797108248058,1882.755,3145.5997676997963,1054.83,3522.9674999999997,2468.1375,False
cat112,AF,9368,3426.8236016225446,2489.465,3052.638616400169,1454.525,4427.39,2972.8650000000002,False
cat112,AN,9138,3111.434439702342,2175.675,3013.38266921386,1205.6100000000001,3928.9625,2723.3525,False
cat112,N,8453,3043.5846279427424,2138.78,2846.254421758604,1244.97,3828.72,2583.75,False
cat112,U,8356,2594.619455481092,1726.35,2568.184866031889,971.5074999999999,3280.155,2308.6475,False
cat112,AV,7122,2380.850900028082,1596.855,2349.8913708215514,901.915,3014.5924999999997,2112.6775,False
cat112,AK,6726,2636.81151798989,1865.1999999999998,2416.7198762182556,1097.6575,3317.455,2219.7974999999997,False
cat112,K,6059,3277.2317643175443,2339.21,3077.2218778058227,1309.455,4149.1849999999995,2839.7299999999996,False
cat112,AI,4749,2378.319208254369,1618.94,2316.066115182304,960.07,2897.47,1937.3999999999996,False
cat112,S,4201,3119.163334920257,2189.05,2941.3416445594044,1277.43,3944.5,2667.0699999999997,False
cat112,AP,4000,2301.9110425,1546.865,2294.984151282465,944.7974999999999,2766.895,1822.0975,False
cat112,G,3168,3250.2314551767677,2395.43,2763.89415333795,1390.54,4205.9775,2815.4375,False
cat112,F,3149,2949.4149761829153,2098.66,2755.418117500991,1193.95,3720.39,2526.4399999999996,False
cat112,AW,3145,2856.063923688394,1983.26,2842.0019654160924,1176.1,3416.06,2239.96,False
cat112,A,2411,2803.3353878058897,1997.66,2554.336252084835,1179.96,3474.4,2294.44,False
cat112,AR,2365,2784.8585835095137,1941.63,2731.093299595823,1144.04,3320.84,2176.8,False
cat112,C,2257,3250.37447939743,2183.24,3124.2200435900704,1282.52,4177.9,2895.3799999999997,False
cat112,O,2183,2727.8247869903803,1978.33,2467.6035207586397,1120.79,3404.48,2283.69,False
cat112,D,1645,2858.5309240121583,2064.5,2475.3244011465795,1168.56,3690.3,2521.7400000000002,False
cat112,AD,1531,3292.1655127367735,2261.3,3102.003576618068,1331.4450000000002,4213.110000000001,2881.6650000000004,False
cat112,AY,1414,2787.4676661951908,2060.165,2389.9692409961035,1256.3274999999999,3534.225,2277.8975,False
cat112,Y,1351,2837.032427831236,2066.76,2447.238321495845,1226.3200000000002,3539.6499999999996,2313.3299999999995,False
cat112,AG,1331,2963.763193087904,2130.44,2552.2614589502105,1239.2,3829.0950000000003,2589.8950000000004,False
cat112,AT,1272,3056.9869182389934,2165.0699999999997,3019.4451659953984,1252.725,3840.645,2587.92,False
cat112,AA,1241,2787.083883964545,2073.04,2373.70105916758,1190.61,3431.47,2240.8599999999997,False
cat112,AM,1170,2676.2884444444444,1887.795,2561.580082450041,1117.955,3247.84,2129.885,False
cat112,AL,1130,3185.889725663717,2375.2,2759.656318817923,1375.5149999999999,4187.875,2812.36,False
cat112,R,1123,2919.011513802315,2097.06,2518.902545061006,1271.9099999999999,3699.825,2427.915,False
cat112,AX,1074,2942.7488919925513,2028.045,2710.4543951160804,1210.5475000000001,3752.6549999999997,2542.1074999999996,False
cat112,I,940,2470.653468085106,1677.72,2370.445415545441,998.0274999999999,3059.5125,2061.4849999999997,False
cat112,X,925,2816.7135783783783,1942.62,2656.6795766236846,1186.43,3411.45,2225.0199999999995,False
cat112,AE,834,2428.361139088729,1670.695,2270.6196525880573,1040.7225,2899.2225000000003,1858.5000000000002,False
cat112,Q,793,2843.7460151324085,1980.88,3740.0504610969506,1200.44,3460.38,2259.94,False
cat112,V,693,2969.9688888888886,2341.72,2413.5650445093115,1205.79,3829.35,2623.56,False
cat112,H,548,2852.9845437956205,2022.665,2614.389411372892,1129.5025,3555.3075,2425.805,False
cat112,AO,534,3215.660992509363,2564.42,2528.5360435463963,1430.3874999999998,4307.545,2877.1575000000003,False
cat112,T,521,2562.0407869481764,1898.01,2190.460734324112,1120.24,3237.26,2117.0200000000004,False
cat112,L,493,3060.4665720081134,2319.1,2509.671162820522,1356.11,4100.56,2744.4500000000007,False
cat112,W,461,3350.8115835140998,2464.66,2990.9107769539037,1511.92,4193.42,2681.5,False
cat112,AC,454,2768.016762114538,1966.71,2394.3814813885947,1160.28,3580.33,2420.05,False
cat112,M,439,2816.543667425968,2118.86,2467.8296143107996,1247.23,3437.275,2190.045,False
cat112,AU,434,2572.4665898617513,1701.59,2287.4101643836266,1038.0725,3429.4474999999998,2391.375,False
cat112,B,423,3192.5594089834512,2377.39,2662.8752719203017,1410.955,4060.94,2649.985,False
cat112,P,406,2932.139581280788,1978.875,3043.36419620399,1136.495,3701.99,2565.495,False
cat112,AB,246,3233.393577235772,2319.27,2588.6109348010646,1433.4250000000002,4224.4475,2791.0225,False
cat112,BA,190,3124.5713684210527,2436.94,2719.2227451960903,1271.3400000000001,3995.2775,2723.9375,False
cat112,AJ,144,3191.479861111111,2312.635,2450.0003802365873,1500.49,4076.9525,2576.4624999999996,True
cat112,AQ,30,2735.1536666666666,2187.4449999999997,1937.6298109189877,1327.415,3122.935,1795.52,True
cat113,BM,26191,2874.4716967660643,2029.09,2581.380532637133,1124.105,3731.775,2607.67,False
cat113,AE,22030,2907.740038129823,2045.145,2558.986877270801,1143.3425000000002,3793.6075,2650.265,False
cat113,L,13058,2917.420246592127,2109.4399999999996,2592.2772225774097,1280.8274999999999,3631.61,2350.7825000000003,False
cat113,AX,12661,3095.9888602795986,2170.08,2758.650920226666,1206.23,4074.05,2867.82,False
cat113,Y,11374,3014.1131176367153,2129.52,2850.8671220084116,1232.9250000000002,3839.2875,2606.3624999999997,False
cat113,K,7738,2767.2489286637374,2037.71,2373.1434360733133,1169.4175,3547.85,2378.4325,False
cat113,S,7033,2744.9109242144177,2000.62,2475.6898366954,1201.56,3407.72,2206.16,False
cat113,X,7016,2987.1152822120866,2104.51,2662.0811003845783,1183.6425,3915.4775,2731.835,False
cat113,AF,6079,2942.861834183254,2144.61,2506.936938137476,1191.275,3971.5649999999996,2780.2899999999995,False
cat113,AN,5214,3469.9800632911392,2225.63,3544.8159409983327,1224.49,4275.004999999999,3050.5149999999994,False
cat113,H,5094,4008.1898351001178,2476.3450000000003,4327.2856574870675,1301.33,5073.625,3772.295,False
cat113,AT,4664,4359.476989708404,2791.375,4772.882247320311,1509.415,5349.637500000001,3840.2225000000008,False
cat113,AJ,4425,2923.3138056497173,2111.84,2619.0893995542046,1190.01,3787.73,2597.7200000000003,False
cat113,AD,4419,3065.506100927812,2191.53,2882.832465384125,1330.19,3783.3,2453.11,False
cat113,AS,3901,3120.5703845167905,2171.51,2712.66939675967,1215.99,4154.56,2938.5700000000006,False
cat113,AK,3520,2872.2603551136363,2101.635,2413.662953385223,1171.4175,3814.1925,2642.775,False
cat113,BN,3486,3300.1457974756167,2434.105,2789.900202851875,1356.0,4248.4974999999995,2892.4974999999995,False
cat113,I,3279,2454.81713937176,1767.75,2227.7273166538357,1074.545,3060.785,1986.2399999999998,False
cat113,A,3269,3267.95858060569,2236.9,3117.5538095421466,1214.42,4170.55,2956.13,False
cat113,J,3105,3093.8872528180354,2104.42,3070.2703635965877,1246.22,3821.96,2575.74,False
cat113,N,2839,2495.433744276154,1913.4,1921.1421045549707,1156.65,3248.4700000000003,2091.82,False
cat113,BC,2793,2717.8966201217327,2046.51,2127.3707218124296,1211.28,3565.37,2354.09,False
cat113,Q,2784,2954.2613685344827,2090.105,2576.258254331721,1203.895,3924.6225000000004,2720.7275000000004,False
cat113,BJ,2605,3076.101190019194,2164.85,2825.9932854458434,1154.66,3971.57,2816.91,False
cat113,M,2485,2459.8116941649896,1722.22,2193.4569574199177,1068.87,3058.53,1989.6600000000003,False
cat113,AG,2415,3814.935817805383,2514.82,3802.5433541221596,1307.25,4990.775,3683.5249999999996,False
cat113,AW,1825,2738.654202739726,1959.26,2414.6350424716934,1131.85,3518.35,2386.5,False
cat113,BG,1804,2671.877433481153,2062.5,2121.9584605402,1163.4075,3448.3175,2284.91,False
cat113,AU,1630,2600.4889386503064,1922.8200000000002,2248.932431676735,1084.815,3253.6000000000004,2168.7850000000003,False
cat113,AO,1628,3094.4798157248156,2104.255,2866.154081050341,1186.6175,3925.9700000000003,2739.3525,False
cat113,F,1463,4289.362775119617,2803.5,4370.231172230443,1591.005,5340.72,3749.715,False
cat113,BO,1413,3156.226857749469,2270.92,2783.0986148748743,1312.46,3961.92,2649.46,False
cat113,BH,1221,3208.715765765766,2478.25,2523.792143192916,1315.57,4417.35,3101.7800000000007,False
cat113,BK,693,2972.4851803751803,2356.56,2262.757466552327,1348.15,3943.98,2595.83,False
cat113,AV,528,3817.1173863636363,2692.0249999999996,3621.039185563649,1394.6325,4733.13,3338.4975000000004,False
cat113,AY,466,1766.7560300429186,1477.205,1052.8700210991701,974.12,2346.065,1371.9450000000002,False
cat113,AM,450,4116.1719111111115,2512.73,4248.468215567488,1459.3925,4980.365,3520.9725,False
cat113,AI,440,3903.6272272727274,2441.035,4199.090593008562,1421.83,4743.2475,3321.4175000000005,False
cat113,BF,347,2976.068645533141,2135.24,2702.7027743302506,1228.3249999999998,3862.575,2634.25,False
cat113,BD,337,5360.863234421365,3165.86,6469.936242718852,1773.06,5861.5,4088.44,False
cat113,AH,209,2144.7585645933013,1879.13,1527.188260514629,1152.42,2739.61,1587.19,False
cat113,C,143,4310.1658041958035,3160.92,3707.2814583713066,1663.795,5854.02,4190.225,True
cat113,BB,53,1425.0205660377358,1324.39,636.5535913701311,1047.39,1797.42,750.03,True
cat113,BA,42,1658.692619047619,1364.47,953.2167028926115,934.8375000000001,1954.8,1019.9624999999999,True
cat113,BI,32,3546.8984375,2844.31,2360.7236082445756,1880.8125,4659.2325,2778.42,True
cat113,G,18,20191.35722222222,9649.11,25733.1996614012,4566.0425000000005,17987.11,13421.067500000001,True
cat113,AB,18,1035.7033333333334,934.1,551.6839921655918,643.585,1315.49,671.905,True
cat113,AQ,17,10177.875294117648,8767.18,6622.306035931817,5414.56,15588.31,10173.75,True
cat113,V,15,3857.2833333333333,3758.82,1676.9892836384183,2722.76,4851.97,2129.21,True
cat113,U,11,36429.88,17556.73,41482.43937247375,10592.154999999999,43837.395000000004,33245.240000000005,True
cat113,O,10,1596.186,1339.865,717.7358359947698,1107.0775,2042.8374999999999,935.7599999999998,True
cat113,E,7,24281.04857142857,12942.39,21006.827276804102,8434.17,39759.705,31325.535000000003,True
cat113,AP,6,7758.738333333334,6744.45,6526.547173724914,3438.5725,9669.1175,6230.545,True
cat113,BE,3,36664.12333333333,38504.79,18515.347468879252,27900.989999999998,46347.59,18446.6,True
cat113,AL,3,13411.536666666667,2524.74,20596.73950560217,1533.7749999999999,19845.9,18312.125,True
cat113,BL,3,6310.173333333333,7118.71,1754.552836660479,5707.92,7316.695,1608.7749999999996,True
cat113,T,2,2554.83,2554.83,1159.1884306703546,2144.995,2964.665,819.6700000000001,True
cat113,P,1,2029.8,2029.8,,2029.8,2029.8,0.0,True
cat113,B,1,4361.04,4361.04,,4361.04,4361.04,0.0,True
cat113,AC,1,1594.78,1594.78,,1594.78,1594.78,0.0,True
cat113,AR,1,2622.55,2622.55,,2622.55,2622.55,0.0,True
cat114,A,131693,3259.916396087871,2341.86,3005.5114810259215,1352.17,4159.83,2807.66,False
cat114,C,16793,2070.5943863514563,1320.86,2237.659507181797,822.43,2386.98,1564.5500000000002,False
cat114,E,16475,2088.414701669196,1308.6,2254.9017086843064,810.6800000000001,2425.3900000000003,1614.7100000000003,False
cat114,J,8199,2719.6064166361753,1930.78,2507.240294359677,1208.845,3316.15,2107.3050000000003,False
cat114,F,7905,2614.4474003795067,1845.34,2402.5658185497823,1163.99,3172.9,2008.91,False
cat114,N,2455,3632.444688391039,2815.23,2831.551016651225,1750.3200000000002,4645.61,2895.2899999999995,False
cat114,I,2432,3541.981097861842,2726.1549999999997,2859.011351763637,1648.2475,4543.605,2895.3574999999996,False
cat114,R,912,5435.395460526316,4546.98,3962.0776592462066,2627.495,7138.264999999999,4510.7699999999995,False
cat114,L,870,4951.500689655172,4130.665,3546.3984851105906,2293.7250000000004,6517.9825,4224.2575,False
cat114,U,250,6385.0257599999995,5480.139999999999,4649.103776104852,3315.6975,8481.654999999999,5165.957499999999,False
cat114,O,240,6021.068833333334,4905.6849999999995,4416.545371388616,2817.2275,7763.83,4946.6025,False
cat114,Q,43,7949.2044186046505,7325.0,4517.933161345175,4601.655000000001,9966.65,5364.994999999999,True
cat114,V,33,8858.997272727273,8111.18,6810.453742995154,5607.16,10174.4,4567.24,True
cat114,B,6,1649.39,1231.48,1226.0547245698294,700.53,2402.855,1702.325,True
cat114,D,5,1782.4119999999998,1334.31,1134.6029272921871,1088.1,2299.89,1211.79,True
cat114,S,4,7200.9075,6780.215,2837.167612548061,5513.1975,8467.925,2954.727499999999,True
cat114,G,1,3425.22,3425.22,,3425.22,3425.22,0.0,True
cat114,W,1,2641.76,2641.76,,2641.76,2641.76,0.0,True
cat114,X,1,8014.22,8014.22,,8014.22,8014.22,0.0,True
cat115,K,43866,3016.756871836958,2099.2650000000003,2741.299126599013,1171.5375,3949.305,2777.7675,False
cat115,O,26813,2948.5254413903704,2076.66,2699.9099892778404,1197.88,3702.8,2504.92,False
cat115,J,23895,3140.750020087885,2090.8,3212.0845633647677,1200.33,3890.38,2690.05,False
cat115,N,22438,3017.6715848114804,2087.77,2866.515908804523,1182.96,3781.4449999999997,2598.4849999999997,False
cat115,P,21538,3025.4223655864052,2116.485,2875.9535754081708,1244.3925,3788.8725000000004,2544.4800000000005,False
cat115,L,16125,3054.0952074418606,2245.26,2626.677779335933,1251.28,4033.2,2781.92,False
cat115,M,12444,2978.0426607200257,2150.4,2654.2166796755646,1205.3825,3922.1800000000003,2716.7975000000006,False
cat115,Q,8258,3091.162018648583,2219.725,2866.49963761479,1279.2150000000001,3989.7875,2710.5724999999998,False
cat115,I,7090,2991.019256699577,2021.9099999999999,3208.069463206297,1181.15,3645.6325,2464.4825,False
cat115,H,2793,3336.945456498389,2129.61,3980.354311090568,1207.17,3863.68,2656.5099999999998,False
cat115,R,2038,2904.8017320902845,2176.795,2633.9058880425655,1253.5175,3697.0775000000003,2443.5600000000004,False
cat115,G,315,4106.091396825397,2293.08,5953.356760076162,1163.1100000000001,4796.48,3633.3699999999994,False
cat115,F,269,5235.4926022304835,3263.84,5947.401446690681,1692.92,6883.88,5190.96,False
cat115,S,250,2852.30732,1978.005,2964.510010470048,1118.0975,3326.0975,2208.0,False
cat115,A,75,3259.5108,2003.69,3173.622581444335,1340.685,3856.085,2515.4,True
cat115,T,56,3454.972142857143,3009.115,2653.526104342683,1830.665,4744.6475,2913.9825,True
cat115,U,26,3009.0223076923075,2129.27,2162.232176669856,1280.9025000000001,4489.835,3208.9325,True
cat115,E,11,29163.914545454547,14163.63,42837.54202027408,3532.33,22702.364999999998,19170.034999999996,True
cat115,W,6,2708.9733333333334,2178.4049999999997,1785.0819835029054,1805.4099999999999,3239.165,1433.755,True
cat115,X,5,3063.068,3061.6,1661.7941625454098,2262.69,3327.76,1065.0700000000002,True
cat115,D,4,17578.39,7316.695,22581.92044886499,6413.3150000000005,18481.77,12068.455,True
cat115,B,2,19845.899999999998,19845.899999999998,24495.819388034357,11185.32,28506.48,17321.16,True
cat115,C,1,542.81,542.81,,542.81,542.81,0.0,True
cat116,HK,21061,3125.6688960638144,2110.69,3019.687107241692,1147.74,3969.62,2821.88,False
cat116,DJ,20244,2911.9006871171705,2032.92,2562.341762425471,1142.98,3869.295,2726.315,False
cat116,CK,10162,3037.328947057666,2211.585,2445.806699113467,1223.5525,4168.885,2945.3325000000004,False
cat116,DP,9202,3107.6975168441645,2087.0550000000003,2837.7343272791622,1164.7775,4092.1175,2927.34,False
cat116,GS,8736,3071.702022664835,2123.7200000000003,3005.5045316488295,1172.3925,3906.5550000000003,2734.1625000000004,False
cat116,CR,6862,2967.1341241620516,2240.6549999999997,2382.6761690076823,1234.9125,3946.055,2711.1425,False
cat116,HX,5629,2472.334261858234,1788.67,2239.485457508956,1100.97,3110.21,2009.24,False
cat116,DC,4557,2499.71294711433,2001.8,1791.138895335902,1194.67,3273.36,2078.69,False
cat116,HG,4414,2709.4646624376983,1955.3899999999999,2334.1445955701784,1131.2125,3463.16,2331.9474999999998,False
cat116,IE,4225,3155.7954650887573,2085.83,2926.0049895021275,1173.77,4107.77,2934.0000000000005,False
cat116,HQ,4044,3297.234396636993,2135.5950000000003,3245.560491681559,1223.3899999999999,4112.73,2889.3399999999997,False
cat116,HV,3853,3377.369356345705,2311.88,3389.595329402046,1265.03,4211.41,2946.38,False
cat116,GC,3803,2676.022987115435,1942.01,2311.115549145182,1087.9,3501.12,2413.22,False
cat116,LM,3277,2886.1043240768995,2159.16,2312.542769010169,1314.74,3697.59,2382.8500000000004,False
cat116,LB,3194,2917.5231997495302,2145.63,2545.4173149710023,1220.7775000000001,3700.6925,2479.915,False
cat116,LN,3127,3025.9909657818994,2050.64,3100.3779090212834,1258.565,3557.835,2299.27,False
cat116,KW,3085,2865.2852350081034,1990.47,2789.9797785773676,1213.63,3483.94,2270.31,False
cat116,HJ,2741,2637.2112623130247,2027.46,2168.540794934661,1238.42,3363.79,2125.37,False
cat116,GK,2632,2695.767963525836,2050.455,2131.3728000856095,1180.705,3570.9875,2390.2825000000003,False
cat116,DF,2519,2804.968626439063,2096.85,2229.154985738183,1142.37,3804.955,2662.585,False
cat116,IG,2269,2713.8331599823714,2096.14,2010.8909976555478,1252.5,3658.85,2406.35,False
cat116,LO,2082,3162.963227665706,2254.2200000000003,2857.40002219918,1319.975,4074.125,2754.15,False
cat116,HB,2007,3175.7124464374688,2201.66,3000.660317269772,1223.385,4077.27,2853.885,False
cat116,MD,1960,3162.8169285714284,2015.095,3145.999380097458,1218.6299999999999,3962.26,2743.63,False
cat116,CB,1909,2653.2561655316917,2004.91,2185.9212770587555,1140.1,3497.81,2357.71,False
cat116,LF,1873,3239.8214148424986,2286.0,3105.292474658466,1425.68,3902.55,2476.87,False
cat116,GI,1835,3211.6864632152588,2161.83,3073.120315323171,1237.9850000000001,3984.19,2746.205,False
cat116,BY,1620,2942.4094444444445,2163.015,2373.64208238734,1197.2275,3973.675,2776.4475,False
cat116,KC,1513,2785.664448116325,2019.82,2473.113646047636,1128.26,3590.42,2462.16,False
cat116,GE,1399,2798.884388849178,2052.53,2393.7515771366575,1206.44,3588.4750000000004,2382.0350000000003,False
cat116,LY,1327,3229.3726752072344,2229.26,3007.0083360279095,1333.04,3861.955,2528.915,False
cat116,CI,1314,2473.2061415525113,2099.365,1586.685425075476,1167.8825000000002,3491.6225,2323.74,False
cat116,HN,1302,4679.315829493087,2977.29,4773.651856990616,1581.335,5757.8724999999995,4176.537499999999,False
cat116,IH,1168,2424.768852739726,1816.92,1917.7657490892445,1112.4425,3147.9975,2035.5549999999998,False
cat116,JR,1013,3396.3271767028627,2544.53,2869.580629185281,1492.42,4125.2,2632.7799999999997,False
cat116,HA,975,1995.420482051282,1711.09,1296.2752659337975,1089.755,2521.0550000000003,1431.3000000000002,False
cat116,CS,934,2969.327633832976,2272.375,2310.683192853851,1227.46,4110.6875,2883.2275,False
cat116,HC,810,3017.9719506172837,2257.5,2449.6504754008874,1315.1025,3764.8575,2449.755,False
cat116,FR,789,2546.3496577946767,2071.28,1797.7765642972872,1168.05,3336.7,2168.6499999999996,False
cat116,HM,764,2641.5242670157068,1963.03,2150.9989243454097,1058.53,3557.2025000000003,2498.6725000000006,False
cat116,IC,708,2541.6633192090394,1929.775,2023.373349541258,1123.635,3288.9275000000002,2165.2925000000005,False
cat116,EC,708,3634.3266242937852,2630.545,3204.176254510015,1422.74,4639.825,3217.085,False
cat116,MJ,701,3803.600370898716,2368.33,4432.5532905138,1375.35,4326.22,2950.8700000000003,False
cat116,CW,699,4431.514878397711,2994.47,4237.126720621058,1434.59,5917.23,4482.639999999999,False
cat116,DK,684,3145.5208333333335,2084.935,2833.867640791999,1168.635,4255.775,3087.1399999999994,False
cat116,EK,639,3108.070532081377,2147.01,2691.827571855523,1146.7649999999999,4239.969999999999,3093.2049999999995,False
cat116,LW,635,3124.4456062992126,2106.66,3027.539568544599,1272.795,4029.775,2756.98,False
cat116,FB,619,3422.09366720517,2604.03,2686.25709566646,1404.645,4582.875,3178.23,False
cat116,IF,617,2655.9565478119935,2102.61,1963.1258270681944,1181.62,3548.41,2366.79,False
cat116,KA,613,3776.759070146819,2431.03,3963.483100087436,1577.05,4172.53,2595.4799999999996,False
cat116,HL,607,2505.687677100494,1868.85,2263.4605084932714,1019.55,3245.9449999999997,2226.3949999999995,False
cat116,HH,597,2037.0717755443889,1681.95,1417.8172512509598,1008.73,2675.51,1666.7800000000002,False
cat116,GX,595,4844.316739495798,2644.17,5435.7959846542835,1314.8899999999999,6046.445,4731.555,False
cat116,GU,591,4757.071133671743,3134.55,4531.240444396002,1641.0900000000001,5985.299999999999,4344.209999999999,False
cat116,LQ,589,3479.0777249575553,2227.22,3493.2856949681304,1354.93,4241.83,2886.8999999999996,False
cat116,DS,553,3023.1155153707055,2127.31,2723.5972325368507,1171.99,3863.72,2691.7299999999996,False
cat116,GN,536,2631.0735074626864,2090.695,1939.0164561781658,1225.9425,3469.1225000000004,2243.1800000000003,False
cat116,KR,519,3833.559210019268,2476.86,3550.1734724558573,1402.06,5086.895,3684.8350000000005,False
cat116,FC,502,3711.3027689243027,2569.6400000000003,3222.1837060886737,1351.525,4879.63,3528.105,False
cat116,GA,495,3437.5100404040404,2543.17,2909.757883131612,1464.075,4341.08,2877.005,False
cat116,FH,479,3309.2537995824637,2425.24,2852.5307135028647,1263.83,4496.514999999999,3232.6849999999995,False
cat116,DH,454,3346.118832599119,2189.84,3223.047656982353,1281.1625,4117.285,2836.1225,False
cat116,DI,448,2295.5120982142857,1941.545,1407.8058702310077,1151.56,3345.73,2194.17,False
cat116,EL,445,3212.115775280899,1939.05,3344.0466160464953,1193.76,3773.35,2579.59,False
cat116,EO,438,3111.0346347031964,1984.5349999999999,3113.1344650541137,1108.315,3915.05,2806.735,False
cat116,CU,438,2905.445205479452,2439.2799999999997,1992.4806768128544,1247.6025,4210.66,2963.0575,False
cat116,GT,403,2496.456401985112,1850.35,2303.450027400323,1102.3200000000002,3191.12,2088.7999999999997,False
cat116,JW,390,3832.2865128205126,2873.075,3300.1953154221546,1595.7875000000001,4783.3724999999995,3187.584999999999,False
cat116,LJ,389,4440.8870437017995,2894.65,4235.069875699207,1570.52,6057.09,4486.57,False
cat116,KB,363,3218.598980716253,2514.69,2355.558209708987,1483.88,4248.29,2764.41,False
cat116,MG,357,4158.153445378151,3074.04,3661.0766658935413,1487.54,5829.96,4342.42,False
cat116,EA,357,2801.249495798319,2258.59,1910.4929724081926,1272.32,3726.01,2453.6900000000005,False
cat116,CP,343,1712.0656559766765,1492.03,1029.1902274934,929.76,2248.7200000000003,1318.9600000000003,False
cat116,MC,343,2235.9202332361515,1894.6,1437.6785661221638,1210.585,2926.455,1715.87,False
cat116,FT,340,2176.0089411764707,1841.16,1380.2210704268368,1084.3725,2987.9175,1903.545,False
cat116,LX,340,3277.760294117647,2386.165,2833.953656730067,1463.3725,4009.5150000000003,2546.1425000000004,False
cat116,IT,336,3383.6069047619044,2199.955,3314.6932969523514,1282.7150000000001,4014.7375,2732.0225,False
cat116,BX,312,3063.1441346153847,1956.2199999999998,2807.6077708289645,1091.785,4065.2400000000002,2973.455,False
cat116,CD,300,3117.1381666666666,2468.4049999999997,2298.0677067266683,1450.1425,4292.16,2842.0175,False
cat116,LV,298,6542.849530201342,3838.395,7819.74571882909,1921.94,8497.625,6575.6849999999995,False
cat116,LC,295,2877.7301694915254,2003.11,2466.6414547936297,1227.8600000000001,3647.665,2419.805,False
cat116,BD,290,1916.352655172414,1539.33,1182.244328363765,1000.355,2555.5525,1555.1974999999998,False
cat116,BV,290,3000.175724137931,1939.33,2735.0254589407978,1067.6675,3878.0725,2810.405,False
cat116,ME,290,2311.3504137931036,1916.1,1630.9212931295053,1113.1399999999999,3137.0299999999997,2023.8899999999999,False
cat116,FD,284,3379.340176056338,2740.62,2539.881156671402,1525.4275,4380.115,2854.6875,False
cat116,KL,280,5060.2635,3228.9,5234.73204649202,1823.3,5845.7125,4022.4124999999995,False
cat116,BP,279,3422.5662365591397,2281.6,3176.0172471371693,1256.635,4284.32,3027.6849999999995,False
cat116,KP,251,4785.839960159363,2312.77,11025.155160544367,1270.9250000000002,4653.905,3382.9799999999996,False
cat116,EI,250,4139.371,2778.1099999999997,3835.5066339689056,1477.9625,5349.26,3871.2975,False
cat116,LI,246,4254.353170731707,2260.51,5122.284555968079,1435.4975,4745.030000000001,3309.5325000000007,False
cat116,CO,245,3381.434775510204,2490.24,2571.734629185383,1451.83,4744.59,3292.76,False
cat116,LL,244,2005.015655737705,1668.255,1212.190101360763,1171.9775,2609.2375,1437.2600000000002,False
cat116,GB,241,4188.109460580913,2641.76,4656.912894183865,1645.79,4400.14,2754.3500000000004,False
cat116,EY,239,2761.427991631799,1960.67,2279.1946462676115,1273.73,3353.215,2079.485,False
cat116,CG,238,4166.680462184874,2692.37,4295.628373212849,1318.7625,5414.412499999999,4095.6499999999996,False
cat116,DD,237,2599.3138818565403,2035.48,2090.7648097352417,1191.72,3577.02,2385.3,False
cat116,KX,224,3055.3609375,2211.99,2879.945719085584,1052.67,3665.58,2612.91,False
cat116,KQ,213,3205.237511737089,2340.25,2461.3703001921176,1415.46,4184.5,2769.04,False
cat116,EE,210,3092.427714285714,2202.495,2947.9824130920474,1188.4850000000001,3966.3500000000004,2777.8650000000002,False
cat116,EP,208,3836.746009615385,2388.8500000000004,3742.474192224267,1400.6950000000002,4672.17,3271.475,False
cat116,CN,198,2850.6764141414146,1875.18,2543.999899236935,998.2975,3928.75,2930.4525,False
cat116,HY,195,2385.6506153846153,1827.33,1854.1448735817587,1121.295,3000.7250000000004,1879.4300000000003,False
cat116,KD,188,2934.6901063829787,1743.025,4010.2398189671817,1160.54,2719.5925,1559.0525000000002,False
cat116,JX,184,4674.847173913044,2730.94,5005.096359226979,1705.065,5359.58,3654.515,True
cat116,DN,174,2607.6583908045977,1884.665,2060.126029910064,1110.6875,3241.9925,2131.305,True
cat116,FE,171,3912.528713450293,2906.84,3473.343960925769,1647.095,4778.7,3131.6049999999996,True
cat116,KI,166,2427.936987951807,1884.82,1787.7400671830003,1075.69,3463.985,2388.295,True
cat116,GL,151,2859.5750993377487,2061.3,2281.584830563723,1192.19,3859.2799999999997,2667.0899999999997,True
cat116,FX,149,4891.5011409395975,3066.98,5164.761025300482,1701.46,5850.59,4149.13,True
cat116,ED,145,3905.7020689655174,2939.37,3442.620576075227,1663.15,4537.04,2873.89,True
cat116,IQ,142,3468.794718309859,2646.295,2717.56219490317,1278.1875,5200.032499999999,3921.8449999999993,True
cat116,K,138,3298.431449275362,2338.035,3419.6284582103754,1410.5475000000001,3788.31,2377.7625,True
cat116,LD,137,5924.279927007299,3145.27,7190.391856296999,1684.83,7402.78,5717.95,True
cat116,HP,136,3854.7555147058824,2155.2799999999997,4651.308923250779,1165.9575,3801.535,2635.5775,True
cat116,ID,136,2783.8891911764704,1961.665,2594.3495320767306,1040.12,3648.33,2608.21,True
cat116,KJ,130,3451.036,2297.865,3828.111834576844,1319.6125000000002,3976.6025,2656.99,True
cat116,FG,125,2566.91008,2114.8,1731.6225357177698,1289.25,3268.53,1979.2800000000002,True
cat116,GJ,124,4291.897419354839,3206.765,3624.596781796277,1404.9099999999999,6198.2074999999995,4793.2975,True
cat116,KU,123,3496.2667479674797,2240.92,3854.2667685563138,1148.4,4215.19,3066.7899999999995,True
cat116,HW,118,2476.6386440677966,1698.915,1800.047527313148,1293.6725,3089.72,1796.0475,True
cat116,CT,113,3283.8374336283186,2912.43,1945.4696547357967,1469.38,4983.09,3513.71,True
cat116,DW,103,3539.0051456310684,2736.83,2686.5314258460776,1700.35,4100.0,2399.65,True
cat116,BO,101,3080.0196039603957,2475.9,2182.558445503314,1470.85,3891.3,2420.4500000000003,True
cat116,DU,100,3828.2608,2335.66,3271.205893979995,1449.635,5461.98,4012.3449999999993,True
cat116,JU,97,4553.417525773196,2563.44,6111.765518845943,1417.18,5176.93,3759.75,True
cat116,IU,96,4269.758854166666,2960.23,4723.640341729061,1579.505,5450.9825,3871.4775,True
cat116,MI,96,4568.883958333333,2722.9799999999996,4682.806818427436,1779.0700000000002,5545.9425,3766.8725,True
cat116,KT,94,6609.439680851064,3786.6099999999997,7794.2448839301915,2154.7025,8894.505000000001,6739.802500000002,True
cat116,JL,89,1516.9467415730337,1253.28,810.943530336696,972.98,1989.57,1016.5899999999999,True
cat116,CF,87,3260.2527586206897,2852.45,2325.022471957262,1532.78,4600.700000000001,3067.920000000001,True
cat116,AC,85,3832.058588235294,2634.34,3682.7271653112994,1324.87,4890.91,3566.04,True
cat116,EN,84,3425.9538095238095,2238.375,2758.3947208043337,1416.5549999999998,5057.445,3640.89,True
cat116,GW,84,6464.232857142858,2932.865,7880.830384933769,1797.3325,7295.455,5498.1224999999995,True
cat116,MA,81,3455.5885185185184,1932.21,4404.70024163907,1273.84,3587.05,2313.21,True
cat116,ES,80,5097.02125,3562.31,4869.2592805647055,1701.245,6307.952499999999,4606.7074999999995,True
cat116,IY,79,2585.457088607595,2133.19,1823.5437013536427,1432.8000000000002,3132.73,1699.9299999999998,True
cat116,EH,77,3152.5950649350652,2599.38,2161.80362461754,1419.97,4457.7,3037.7299999999996,True
cat116,MP,77,2843.800779220779,2479.12,1991.9699964143972,1498.21,3476.11,1977.9,True
cat116,HR,77,3890.0715584415584,1970.9,4162.571744635401,1146.46,4896.99,3750.5299999999997,True
cat116,E,77,2790.546233766234,2321.15,2382.2603698406397,1210.77,3574.66,2363.89,True
cat116,DX,73,2731.511506849315,2131.31,1943.4789047576453,1170.33,3730.07,2559.7400000000002,True
cat116,GM,70,3253.829,2409.58,2611.5365821766327,1523.5825,3838.3175,2314.735,True
cat116,GR,70,2440.7067142857145,2030.535,1581.6468170074875,1187.175,3414.8475,2227.6724999999997,True
cat116,EG,66,2607.5039393939396,2516.825,1319.792926966347,1591.33,3500.4125,1909.0825,True
cat116,EF,62,2689.02,1954.045,1880.9046467521339,1320.77,3506.4275000000002,2185.6575000000003,True
cat116,KN,59,4558.088983050848,2989.91,5474.6704277117005,1621.76,5377.52,3755.76,True
cat116,GV,55,3085.761090909091,1693.93,2836.3709103487968,1174.19,3858.605,2684.415,True
cat116,FA,54,3562.947962962963,2580.175,2609.06096097368,1551.1975,4812.54,3261.3424999999997,True
cat116,DT,54,2540.790740740741,2007.15,1717.7447408748526,1330.83,3479.7124999999996,2148.8824999999997,True
cat116,CM,51,1405.5362745098041,1238.58,641.4861717385987,885.6600000000001,1912.19,1026.53,True
cat116,DL,51,3313.4205882352944,1830.23,3264.1234865583206,1248.835,4082.67,2833.835,True
cat116,LT,48,6315.619166666666,4446.49,6049.394491469069,2223.63,8885.5025,6661.8725,True
cat116,IN,46,4343.775869565217,3017.5550000000003,4058.000994422186,1372.075,5958.8225,4586.7475,True
cat116,DA,43,1505.6816279069767,1387.22,790.8824594744972,993.7,1937.585,943.885,True
cat116,MU,43,4003.078604651163,2321.15,4524.7425868395985,1450.4850000000001,5064.325000000001,3613.8400000000006,True
cat116,IM,41,4210.285609756097,2907.49,3765.788789850042,1696.44,4662.23,2965.7899999999995,True
cat116,LR,40,6046.14675,3555.17,6786.818399799599,1918.235,7345.455,5427.22,True
cat116,AO,40,2133.4674999999997,1773.9099999999999,1287.438540562975,1354.5375,2489.7225,1135.185,True
cat116,MQ,39,7309.423333333333,5344.24,5914.299801574296,3223.92,9561.96,6338.039999999999,True
cat116,EB,39,4506.566923076924,2108.65,5193.563078034373,1429.3899999999999,4678.335,3248.945,True
cat116,HI,37,3094.595135135135,3087.06,1972.3126610454335,1412.09,4136.0,2723.91,True
cat116,HF,35,3712.380857142857,2535.98,3476.8192849435136,1327.67,4008.805,2681.1349999999998,True
cat116,AJ,35,1278.8619999999999,1114.65,565.7289462319442,842.965,1715.54,872.5749999999999,True
cat116,CH,35,1268.662,1202.25,554.3515064989425,898.435,1628.005,729.5700000000002,True
cat116,FF,34,2546.054411764706,1969.77,1796.9006135653308,980.6925,4083.8775,3103.185,True
cat116,CQ,33,3622.1281818181815,2543.93,3272.8552840671996,1250.96,5031.14,3780.1800000000003,True
cat116,DM,33,2351.268181818182,1684.81,1622.5494556338924,1206.49,3519.11,2312.62,True
cat116,MO,33,2107.3439393939398,1779.95,1236.688791354608,1180.47,2795.21,1614.74,True
cat116,KE,32,1861.1815625,1706.125,995.0297103332476,1094.97,2540.9,1445.93,True
cat116,AF,32,3546.8984375,2844.31,2360.7236082445756,1880.8125,4659.2325,2778.42,True
cat116,LH,29,1511.693448275862,1461.77,861.2253557505635,712.76,2198.86,1486.1000000000001,True
cat116,GO,28,2106.7039285714286,1862.08,1604.0328315411045,1077.4575,2617.7,1540.2424999999998,True
cat116,MK,28,6960.207857142857,4186.135,8656.197759451663,2575.0699999999997,9360.42,6785.35,True
cat116,DG,27,3536.9851851851854,3024.47,2678.7780083899484,1501.4050000000002,4538.049999999999,3036.644999999999,True
cat116,JM,26,1689.3446153846153,1575.655,905.2466100824936,1209.2224999999999,1949.08,739.8575000000001,True
cat116,IP,25,1175.116,1116.72,730.6722876969767,730.55,1332.2,601.6500000000001,True
cat116,GF,24,1917.5,1442.585,1263.8244657078526,880.8375000000001,2890.74,2009.9024999999997,True
cat116,MW,24,4320.787499999999,2514.6949999999997,4281.324990521397,1652.7324999999998,5907.2699999999995,4254.537499999999,True
cat116,JC,22,1895.5436363636363,1819.955,1037.916596468253,1046.25,2336.9075000000003,1290.6575000000003,True
cat116,CA,21,3320.04,3202.15,2172.763099277047,1530.43,4262.84,2732.41,True
cat116,GP,21,3514.6880952380952,2222.9,3089.1671557017094,1793.01,4004.51,2211.5,True
cat116,AW,20,1237.2285,1159.9650000000001,712.2503386286165,827.2975,1514.1625000000001,686.8650000000001,True
cat116,CV,20,4013.532,2974.42,2914.3786845147088,1825.0425,4848.945,3023.9024999999997,True
cat116,BS,19,2870.568947368421,2310.53,1897.6873355361747,1414.945,3996.125,2581.1800000000003,True
cat116,H,19,8076.8431578947375,4951.04,9240.504682410812,1853.895,9116.41,7262.514999999999,True
cat116,MR,19,9178.802631578947,3350.37,12913.925396802753,2543.855,9008.939999999999,6465.084999999999,True
cat116,HD,18,4706.258333333334,3270.82,4771.969651019377,2253.0150000000003,4479.75,2226.7349999999997,True
cat116,GH,18,3686.201666666667,2228.005,3127.660274071169,1284.4524999999999,6479.82,5195.3675,True
cat116,LK,18,6068.598888888889,2854.88,6316.267146861059,1919.8475,8367.89,6448.0425,True
cat116,KM,18,2362.972777777778,1780.275,1880.8405029629566,965.61,2705.9525000000003,1740.3425000000002,True
cat116,KY,17,6901.440588235295,6622.38,4452.11192425498,3819.45,8288.09,4468.64,True
cat116,FU,17,1384.784117647059,820.88,1280.4082888529094,766.62,1754.69,988.07,True
cat116,JE,17,2045.9547058823532,1523.43,1318.7636721050405,992.11,2727.83,1735.7199999999998,True
cat116,LA,17,3309.820588235294,3170.43,2156.1594303485267,1258.8,4876.5,3617.7,True
cat116,CX,17,2828.1311764705883,1321.47,3183.602147302805,1025.17,3076.69,2051.52,True
cat116,JF,16,1325.078125,1105.0549999999998,932.3625772213923,777.2249999999999,1702.9250000000002,925.7000000000003,True
cat116,KK,16,2760.784375,2013.81,1952.2359207191764,1552.555,3178.5825,1626.0275,True
cat116,CE,16,3985.6475,3607.55,2719.1356930453717,1591.9524999999999,6306.0650000000005,4714.112500000001,True
cat116,FW,15,4956.938,3391.47,4220.220301716149,1801.3600000000001,6453.385,4652.025,True
cat116,BW,14,4061.414285714286,3925.23,1534.7643067094866,2898.4,4872.785,1974.3849999999998,True
cat116,U,14,20924.859285714287,9649.11,27403.803916632412,4629.9475,17550.36,12920.4125,True
cat116,B,14,3497.367142857143,2801.815,2174.0101019984268,1962.15,4932.7275,2970.5775,True
cat116,ML,13,3833.0053846153846,2266.15,3781.478111771937,1874.69,3637.2,1762.5099999999998,True
cat116,II,12,2280.8483333333334,1269.91,2426.708571253864,973.2925,2379.4225,1406.13,True
cat116,MM,11,4595.347272727273,2466.52,6150.716852683257,1826.125,3752.1000000000004,1925.9750000000004,True
cat116,EJ,11,3673.2099999999996,1847.95,4448.549510548354,1244.645,3085.2,1840.5549999999998,True
cat116,AX,11,2745.6627272727274,2995.89,1493.3550563686515,1195.8049999999998,3408.105,2212.3,True
cat116,MN,10,4777.05,2784.9750000000004,4760.118539317646,2152.4775,4389.345,2236.8675000000003,True
cat116,JQ,10,1932.834,1653.125,1357.705239391493,768.03,2737.88,1969.8500000000001,True
cat116,Y,10,4593.423,3099.0150000000003,4881.328257855073,2076.6475,4833.594999999999,2756.9474999999993,True
cat116,GG,10,1025.8049999999998,836.2950000000001,515.9020220771898,712.7524999999999,1337.04,624.2875,True
cat116,BA,10,1432.438,1542.345,506.32150031817173,1104.1225,1738.9625,634.8400000000001,True
cat116,IL,10,2513.6169999999997,2088.94,1141.414817671959,1539.935,3402.2475,1862.3125,True
cat116,GY,10,2402.06,2190.7799999999997,1089.915470412474,1950.245,2795.5924999999997,845.3474999999999,True
cat116,BK,10,1003.818,984.42,357.70531551978803,802.69,1299.6575,496.9675,True
cat116,L,9,4678.647777777778,3427.46,5127.688343378471,1291.61,5545.57,4253.96,True
cat116,HT,9,5656.985555555556,3521.03,7053.779580042729,1306.02,5596.14,4290.120000000001,True
cat116,DR,8,3070.845,1867.1,3300.6312834711744,1067.3525,4249.3775,3182.0249999999996,True
cat116,BU,8,1971.195,816.12,2228.7018517000943,583.4275,2403.5375,1820.11,True
cat116,BQ,7,4155.984285714286,3983.49,1907.0902113329366,3227.085,5198.47,1971.3850000000002,True
cat116,FV,7,2439.0085714285715,2173.1,1448.7166503889866,1404.96,3314.3900000000003,1909.4300000000003,True
cat116,DO,7,1469.652857142857,1285.48,725.433718261342,1029.375,1530.865,501.49,True
cat116,DE,7,2322.8514285714286,2258.37,764.4782268848163,1731.76,2596.29,864.53,True
cat116,LE,6,2264.6283333333336,1568.04,1803.8745869091529,1195.795,2417.855,1222.06,True
cat116,JG,6,1682.3216666666667,1334.205,947.7173875880228,1075.3525,2229.935,1154.5825,True
cat116,JY,6,1331.5983333333334,1330.525,908.6609312481014,767.2775,1668.285,901.0075,True
cat116,AG,6,2674.1716666666666,2321.55,1492.9869422659622,1619.05,3168.155,1549.1050000000002,True
cat116,JJ,6,1423.0416666666667,1232.3,676.5481058259395,1135.8725,1653.4325,517.56,True
cat116,EW,6,3527.84,3194.6800000000003,1872.2515703932525,2462.4175,5023.6900000000005,2561.2725000000005,True
cat116,AK,6,2021.0933333333332,2227.43,1018.0328345916288,1377.7624999999998,2748.3424999999997,1370.58,True
cat116,F,6,5347.886666666666,3706.4,5716.268266086421,2405.29,4625.3325,2220.0425000000005,True
cat116,LG,6,7174.66,5541.88,7238.652033010014,2745.47,7485.907499999999,4740.4375,True
cat116,AL,6,1026.8216666666667,808.38,707.6571027953204,611.88,1569.36,957.4799999999999,True
cat116,GD,5,988.3860000000001,973.36,75.84718373150052,936.99,1052.58,115.58999999999992,True
cat116,CL,5,4231.782,4933.15,2937.953239786161,1458.39,6786.46,5328.07,True
cat116,JB,5,1034.896,622.66,624.1995730773933,605.8,1716.29,1110.49,True
cat116,AA,4,10448.735,10712.380000000001,6227.192107402823,8113.6,13047.515,4933.914999999999,True
cat116,JP,4,17624.1,10269.705,22067.116644861726,3557.71,24336.095,20778.385000000002,True
cat116,JH,4,1220.5825,1158.52,491.5049390307962,844.0675,1535.035,690.9675000000001,True
cat116,R,4,24498.692499999997,26222.315,17880.868164244475,11090.035,39630.972499999996,28540.937499999996,True
cat116,KG,4,1107.155,996.865,668.1886295800011,644.6775,1459.3425,814.665,True
cat116,CY,3,3076.3799999999997,2083.64,1741.5542578972384,2070.92,3585.4700000000003,1514.5500000000002,True
cat116,FL,3,1706.33,1943.92,568.1616144197001,1500.93,2030.525,529.595,True
cat116,BT,3,2225.616666666667,1635.24,1390.3930404865143,1431.5349999999999,2724.51,1292.9750000000004,True
cat116,LU,3,1314.1499999999999,1411.08,620.7866991970753,1030.84,1645.925,615.085,True
cat116,M,3,4747.946666666667,3333.34,3540.2723650212747,2733.52,6055.07,3321.5499999999997,True
cat116,EU,3,2696.9066666666663,3240.22,1550.7646853192566,2093.9049999999997,3571.5649999999996,1477.6599999999999,True
cat116,AV,3,955.6933333333333,889.67,180.60492693537827,853.53,1024.845,171.31500000000005,True
cat116,KV,3,3514.8933333333334,2785.35,2804.147818577568,1966.485,4698.53,2732.045,True
cat116,O,3,4221.150000000001,3709.07,2535.8391002585317,2844.75,5341.51,2496.76,True
cat116,DV,3,6115.8966666666665,1357.36,9021.918597595155,913.3999999999999,8939.125,8025.725,True
cat116,HE,3,6682.483333333333,1975.81,8492.203918944322,1780.8,9230.83,7450.03,True
cat116,GQ,3,4136.1033333333335,1333.65,5004.229231773194,1247.3400000000001,5623.639999999999,4376.299999999999,True
cat116,IA,3,8512.18,4588.76,7636.098520992248,4112.075,10950.575,6838.500000000001,True
cat116,I,3,4172.056666666666,3393.62,3625.552666647299,2196.285,5758.610000000001,3562.3250000000007,True
cat116,KF,3,2423.346666666667,2505.85,352.0321534083688,2271.62,2616.325,344.7049999999999,True
cat116,IJ,3,5555.463333333333,2205.77,6202.079830140316,1977.125,7458.955,5481.83,True
cat116,JV,3,2104.036666666667,1011.36,2047.4254233142003,923.0550000000001,2738.68,1815.6249999999998,True
cat116,AU,2,1417.245,1417.245,1119.965217517937,1021.2774999999999,1813.2124999999999,791.935,True
cat116,BM,2,1065.275,1065.275,492.2099593161439,891.2525,1239.2975,348.04499999999985,True
cat116,CC,2,1559.815,1559.815,1258.4308674098866,1114.8925,2004.7375,889.845,True
cat116,CJ,2,1657.01,1657.01,318.14148299145154,1544.53,1769.49,224.96000000000004,True
cat116,D,2,2603.325,2603.325,58.838355262532644,2582.5225,2624.1274999999996,41.60499999999956,True
cat116,AB,2,1159.305,1159.305,512.5039239361978,978.1075,1340.5025,362.3950000000001,True
cat116,MV,2,4164.385,4164.385,731.90501600276,3905.6175,4423.1525,517.5350000000003,True
cat116,AY,2,1393.195,1393.195,1442.7453209939722,883.1075,1903.2824999999998,1020.1749999999998,True
cat116,FK,2,512.085,512.085,102.63654928922732,475.7975,548.3725,72.57499999999993,True
cat116,T,2,3799.9849999999997,3799.9849999999997,1907.0033492498112,3125.7575,4474.2125,1348.4549999999995,True
cat116,P,2,37820.24,37820.24,31121.961471041635,26816.965,48823.515,22006.55,True
cat116,Q,2,11476.095,11476.095,7266.9010349150885,8906.8575,14045.3325,5138.475,True
cat116,FJ,2,825.205,825.205,397.3586556877804,684.7175,965.6925000000001,280.97500000000014,True
cat116,X,2,19845.899999999998,19845.899999999998,24495.819388034357,11185.32,28506.48,17321.16,True
cat116,W,2,46347.59,46347.59,11091.394126979712,42426.19,50268.99,7842.799999999996,True
cat116,S,2,4585.995,4585.995,4390.235085556353,3033.8125,6138.1775,3104.365,True
cat116,AR,1,4361.04,4361.04,,4361.04,4361.04,0.0,True
cat116,V,1,542.81,542.81,,542.81,542.81,0.0,True
cat116,AE,1,509.85,509.85,,509.85,509.85,0.0,True
cat116,AS,1,1663.91,1663.91,,1663.91,1663.91,0.0,True
cat116,AP,1,1753.45,1753.45,,1753.45,1753.45,0.0,True
cat116,MH,1,2255.02,2255.02,,2255.02,2255.02,0.0,True
cat116,JA,1,1576.5,1576.5,,1576.5,1576.5,0.0,True
cat116,MF,1,1435.47,1435.47,,1435.47,1435.47,0.0,True
cat116,AT,1,2287.78,2287.78,,2287.78,2287.78,0.0,True
cat116,J,1,51383.04,51383.04,,51383.04,51383.04,0.0,True
cat116,AN,1,1159.4,1159.4,,1159.4,1159.4,0.0,True
cat116,AM,1,820.48,820.48,,820.48,820.48,0.0,True
cat116,IV,1,5264.88,5264.88,,5264.88,5264.88,0.0,True
cat116,AD,1,1624.82,1624.82,,1624.82,1624.82,0.0,True
cat116,AH,1,683.04,683.04,,683.04,683.04,0.0,True
cat116,MS,1,67537.73,67537.73,,67537.73,67537.73,0.0,True
cat116,IB,1,6240.19,6240.19,,6240.19,6240.19,0.0,True
cat116,MT,1,729.77,729.77,,729.77,729.77,0.0,True
cat116,IK,1,3475.28,3475.28,,3475.28,3475.28,0.0,True
cat116,IX,1,7020.68,7020.68,,7020.68,7020.68,0.0,True
cat116,FP,1,6350.52,6350.52,,6350.52,6350.52,0.0,True
cat116,BI,1,559.61,559.61,,559.61,559.61,0.0,True
cat116,BB,1,930.29,930.29,,930.29,930.29,0.0,True
cat116,MB,1,9290.32,9290.32,,9290.32,9290.32,0.0,True
cat116,FN,1,2533.23,2533.23,,2533.23,2533.23,0.0,True
cat116,FM,1,1500.32,1500.32,,1500.32,1500.32,0.0,True
cat116,KH,1,14163.63,14163.63,,14163.63,14163.63,0.0,True
cat116,FI,1,2029.8,2029.8,,2029.8,2029.8,0.0,True
cat116,KS,1,3248.91,3248.91,,3248.91,3248.91,0.0,True
cat116,FQ,1,1631.0,1631.0,,1631.0,1631.0,0.0,True
cat116,EV,1,4541.61,4541.61,,4541.61,4541.61,0.0,True
cat116,FS,1,2236.05,2236.05,,2236.05,2236.05,0.0,True
cat116,G,1,2938.58,2938.58,,2938.58,2938.58,0.0,True
cat116,EQ,1,3374.5,3374.5,,3374.5,3374.5,0.0,True
cat116,DY,1,1291.81,1291.81,,1291.81,1291.81,0.0,True
cat116,IR,1,4868.25,4868.25,,4868.25,4868.25,0.0,True
cat116,DQ,1,1924.8,1924.8,,1924.8,1924.8,0.0,True
cat116,JT,1,1523.32,1523.32,,1523.32,1523.32,0.0,True
cat116,HO,1,19096.78,19096.78,,19096.78,19096.78,0.0,True
cat116,JO,1,17297.19,17297.19,,17297.19,17297.19,0.0,True
cat116,JN,1,726.47,726.47,,726.47,726.47,0.0,True
cat116,C,1,2397.07,2397.07,,2397.07,2397.07,0.0,True
cat116,HU,1,22354.19,22354.19,,22354.19,22354.19,0.0,True
cat116,JK,1,2150.0,2150.0,,2150.0,2150.0,0.0,True
cat116,JI,1,1126.16,1126.16,,1126.16,1126.16,0.0,True
cat116,BL,1,1988.71,1988.71,,1988.71,1988.71,0.0,True
cat116,FO,1,1698.74,1698.74,,1698.74,1698.74,0.0,True
cat116,BG,1,969.6,969.6,,969.6,969.6,0.0,True
cat116,BF,1,3259.13,3259.13,,3259.13,3259.13,0.0,True
cat116,JD,1,1973.9,1973.9,,1973.9,1973.9,0.0,True
cat116,BC,1,278.49,278.49,,278.49,278.49,0.0,True
cat116,IO,1,4612.83,4612.83,,4612.83,4612.83,0.0,True
